Name,Follower,pagerank_score,other_lang,avatar_url,repo_cnt
CyC2018,30,9.48,"CSS, Matlab, HTML, Shell, JavaScript",https://avatars3.githubusercontent.com/u/36260787?v=4,34
kwongtailau,22,9.48,"C++, C#, Go, Shell, C",https://avatars3.githubusercontent.com/u/22954582?v=4,18
linehk,5,9.48,"HTML, CSS, Go",https://avatars2.githubusercontent.com/u/8375793?v=4,30
crossoverJie,30,68.0,"Vue, CSS, Go, HTML, JavaScript",https://avatars3.githubusercontent.com/u/15684156?v=4,148
Lisanaaa,30,9.48,"Python, Go",https://avatars0.githubusercontent.com/u/28261876?v=4,4
Silverados,6,9.48,"HTML, JavaScript, CSS",https://avatars0.githubusercontent.com/u/27882942?v=4,40
MachineChen,0,9.48,"C, Shell",https://avatars0.githubusercontent.com/u/37149045?v=4,10
jy03078584,20,9.48,"Python, C",https://avatars0.githubusercontent.com/u/7719370?v=4,34
xiangflight,23,9.48,"HTML, C++, Python, Go, Jupyter Notebook, JavaScript",https://avatars1.githubusercontent.com/u/10072416?v=4,80
linkcoder,1,9.48,"Python, Visual Basic, Scala",https://avatars3.githubusercontent.com/u/21972676?v=4,12
xbhoneybee,9,9.48,C++,https://avatars0.githubusercontent.com/u/18543388?v=4,14
somone23412,17,9.48,"Python, Jupyter Notebook, C++",https://avatars0.githubusercontent.com/u/19647213?v=4,42
peierlong,3,24.65,"Python, Go, HTML, Shell, JavaScript",https://avatars2.githubusercontent.com/u/18136549?v=4,48
PualrDwade,7,9.48,"Vue, C++, Python, Jupyter Notebook, TypeScript, CSS, Go, HTML, JavaScript",https://avatars1.githubusercontent.com/u/36162683?v=4,120
HustCoderHu,30,9.48,"C++, Python, C, CMake, Go, HTML, Shell",https://avatars3.githubusercontent.com/u/18300226?v=4,64
yif-hong,1,9.48,"C++, Kotlin, Python, CSS, HTML, JavaScript",https://avatars2.githubusercontent.com/u/25526564?v=4,92
imhuster,30,9.48,"Python, JavaScript, CSS",https://avatars0.githubusercontent.com/u/13541953?v=4,18
linkwk7,5,9.48,"C++, Vim script, Go, HTML, C",https://avatars2.githubusercontent.com/u/28770278?v=4,24
fanofxiaofeng,30,9.48,"C++, Python, TeX, CSS, HTML, Shell, Batchfile, JavaScript",https://avatars0.githubusercontent.com/u/3983683?v=4,120
onefansofworld,2,9.48,"Python, Jupyter Notebook, C#, CoffeeScript, CSS, HTML, Shell, Scala, JavaScript",https://avatars0.githubusercontent.com/u/7973094?v=4,62
jiahaochang,0,9.48,"TypeScript, JavaScript",https://avatars0.githubusercontent.com/u/24975771?v=4,24
linw7,30,9.48,"C++, Python, C, CSS, Go, Shell, JavaScript",https://avatars1.githubusercontent.com/u/21679154?v=4,28
luocaodan,2,9.48,"C++, Python, C#, CSS, HTML, Shell, Ruby, JavaScript",https://avatars3.githubusercontent.com/u/22339284?v=4,32
mythsman,30,9.48,"HTML, C++, Python, C#, CSS, Jupyter Notebook, C, Scala, JavaScript",https://avatars1.githubusercontent.com/u/11818556?v=4,76
moqimoqidea,1,9.48,"Swift, C++, Groovy, Python, Jupyter Notebook, TeX, CSS, Go, HTML, Shell, Scala, JavaScript, PowerShell",https://avatars1.githubusercontent.com/u/39821951?v=4,150
weizongqun,0,9.48,"PHP, HTML, GCC Machine Description, JavaScript",https://avatars3.githubusercontent.com/u/15922971?v=4,10
ziyitony,3,9.48,"Python, C#, Go",https://avatars3.githubusercontent.com/u/18106851?v=4,20
seventheluck,4,9.48,"Python, HTML, JavaScript",https://avatars2.githubusercontent.com/u/35403428?v=4,36
AnyUncle,0,9.48,"C++, Python, Go, C",https://avatars0.githubusercontent.com/u/13564417?v=4,30
CmderQ,10,9.48,"Makefile, C++, Python, Go, PHP, HTML, Shell, JavaScript",https://avatars1.githubusercontent.com/u/9278467?v=4,120
Snailclimb,30,42.1,"Python, HTML",https://avatars0.githubusercontent.com/u/29880145?v=4,18
Goose9527,3,9.48,C++,https://avatars3.githubusercontent.com/u/43314997?v=4,6
dongzl,11,9.48,"Python, C, TSQL, Go, Makefile, HTML, Shell, JavaScript",https://avatars2.githubusercontent.com/u/5917359?v=4,116
yellowgg,2,9.48,CSS,https://avatars1.githubusercontent.com/u/27286340?v=4,14
illusorycloud,3,9.48,"CSS, Go, HTML, JavaScript",https://avatars0.githubusercontent.com/u/31980412?v=4,44
Gene1994,9,9.48,"C++, CSS, Ruby",https://avatars3.githubusercontent.com/u/24930369?v=4,48
ipofss,0,9.48,,https://avatars1.githubusercontent.com/u/8225921?v=4,4
LiWenGu,5,9.48,"Rust, Python, TypeScript, TeX, Dockerfile, CSS, Go, HTML, Shell, JavaScript",https://avatars0.githubusercontent.com/u/15909210?v=4,128
jinyahuan,12,9.48,"FreeMarker, HTML",https://avatars1.githubusercontent.com/u/17841662?v=4,18
yidasanqian,6,9.48,"Python, Rust, HTML",https://avatars3.githubusercontent.com/u/10655188?v=4,34
kinglaw1204,17,9.48,,https://avatars0.githubusercontent.com/u/20039931?v=4,16
cnLGMing,30,9.48,"Kotlin, Python, TSQL, CSS, Go, HTML, JavaScript",https://avatars2.githubusercontent.com/u/15910705?v=4,80
kevinwang0224,2,9.48,"HTML, CSS, Kotlin",https://avatars2.githubusercontent.com/u/13445354?v=4,26
jiayangchen,30,9.48,"Vue, C++, Python, Assembly, CSS, Go, Makefile, HTML, C, JavaScript",https://avatars0.githubusercontent.com/u/14312378?v=4,108
liurongdev,0,9.48,"C++, Python, Jupyter Notebook, CSS, Go, HTML, C",https://avatars2.githubusercontent.com/u/29250579?v=4,42
tianyu94,0,9.48,"Rust, Python, JavaScript, Shell, HTML, C, TypeScript",https://avatars1.githubusercontent.com/u/37231629?v=4,62
keepal7,10,9.48,,https://avatars2.githubusercontent.com/u/30037250?v=4,8
4Aiur,6,9.48,C#,https://avatars1.githubusercontent.com/u/14359997?v=4,2
sage417,7,9.48,"Python, JavaScript, Jupyter Notebook, Dockerfile, CSS, HTML, Shell, TypeScript",https://avatars1.githubusercontent.com/u/7111791?v=4,66
JoeMinty,6,9.48,"C++, Python, Shell, Dockerfile, CSS, Go, HTML, C, Ruby, JavaScript",https://avatars3.githubusercontent.com/u/9928362?v=4,92
20100507,28,68.0,"PHP, C++, Python, Lex, Ruby, C#, Dockerfile, C, Go, Perl, HTML, Batchfile, Scala, JavaScript",https://avatars1.githubusercontent.com/u/26719001?v=4,134
fanchenggang,10,9.48,"Vue, Kotlin, Go, HTML, JavaScript",https://avatars1.githubusercontent.com/u/20358122?v=4,48
hanandjun,6,9.48,"C++, Dart, Shell, Smali, Makefile, HTML, C, JavaScript",https://avatars2.githubusercontent.com/u/17228526?v=4,42
IceDarron,5,9.48,"HTML, Python, Jupyter Notebook, JavaScript",https://avatars1.githubusercontent.com/u/19837345?v=4,52
zeason,1,9.48,HTML,https://avatars2.githubusercontent.com/u/34996463?v=4,14
JerrySeven,0,9.48,"Python, Jupyter Notebook, TeX",https://avatars0.githubusercontent.com/u/43209747?v=4,18
jun1st,25,9.48,"Objective-C, Swift, Kotlin, Python, CoffeeScript, C, TSQL, CSS, PHP, HTML, Shell, Ruby, JavaScript",https://avatars2.githubusercontent.com/u/140474?v=4,350
Isolation-Lee,0,9.48,,https://avatars1.githubusercontent.com/u/51596015?v=4,6
iluwatar,30,17.63,"Python, Ruby",https://avatars1.githubusercontent.com/u/582346?v=4,12
npathai,30,9.48,"HTML, TypeScript, JavaScript",https://avatars2.githubusercontent.com/u/1792515?v=4,62
mikulucky,4,9.48,JavaScript,https://avatars0.githubusercontent.com/u/4526195?v=4,8
fluxw42,7,9.48,"PureBasic, HTML, C++, Arduino, Python, Assembly, TeX, Makefile, Shell, C, JavaScript",https://avatars1.githubusercontent.com/u/1545460?v=4,74
thomasoss,1,9.48,HTML,https://avatars1.githubusercontent.com/u/22516154?v=4,6
markusmo3,28,9.48,"C++, Groovy, Kotlin, C#, Lua, CSS, Shell",https://avatars1.githubusercontent.com/u/3317416?v=4,36
piyushchaudhari04,13,9.48,"Python, HTML, CSS",https://avatars3.githubusercontent.com/u/10268029?v=4,46
isabiq,0,9.48,Scala,https://avatars1.githubusercontent.com/u/19510920?v=4,14
inbravo,19,9.48,"Python, Haskell, Ruby, Jupyter Notebook, C, CSS, Makefile, HTML, Shell, Scala, JavaScript",https://avatars3.githubusercontent.com/u/5253764?v=4,298
Crossy147,10,9.48,"C, Scala, CSS",https://avatars2.githubusercontent.com/u/7272996?v=4,22
joshzambales,4,9.48,JavaScript,https://avatars1.githubusercontent.com/u/8704552?v=4,12
Argyro-Sioziou,22,9.48,TypeScript,https://avatars0.githubusercontent.com/u/22822639?v=4,8
kemitix,8,9.48,"Groovy, Python, Ruby, CSS, Go, HTML, Shell, Scala, JavaScript",https://avatars1.githubusercontent.com/u/1147749?v=4,130
nikhilbarar,0,9.48,"Python, PHP, JavaScript",https://avatars2.githubusercontent.com/u/37332144?v=4,22
zafarella,21,9.48,"C++, Groovy, Python, Shell, Ruby, TeX, Dockerfile, CSS, Go, HTML, C, Scala, JavaScript",https://avatars2.githubusercontent.com/u/660742?v=4,120
TylerMcConville,3,9.48,C#,https://avatars0.githubusercontent.com/u/4946449?v=4,8
colinbut,30,9.48,"Kotlin, Groovy, Python, Shell, C#, HCL, Dockerfile, CSS, Go, PHP, HTML, ApacheConf, Ruby, JavaScript",https://avatars2.githubusercontent.com/u/10725674?v=4,430
JuhoKang,15,9.48,"JavaScript, HTML, TypeScript",https://avatars1.githubusercontent.com/u/4745294?v=4,50
dheeraj-mummareddy,10,9.48,"Python, XSLT, HTML, JavaScript",https://avatars2.githubusercontent.com/u/7002230?v=4,30
m-ezzat,14,9.48,HTML,https://avatars3.githubusercontent.com/u/16510076?v=4,4
ruslanpa,4,9.48,"Python, Ruby, JavaScript",https://avatars2.githubusercontent.com/u/1503411?v=4,30
4lexis,4,16.64,"TypeScript, JavaScript, C#",https://avatars0.githubusercontent.com/u/19871727?v=4,8
iamrichardjones,2,9.48,Ruby,https://avatars3.githubusercontent.com/u/14842151?v=4,20
gwildor28,0,9.48,HTML,https://avatars0.githubusercontent.com/u/16000365?v=4,4
SrdjanPaunovic,6,16.64,"C++, Python, C#, HTML",https://avatars1.githubusercontent.com/u/22815104?v=4,16
bernardosulzbach,22,9.48,"C++, Kotlin, Python, VimL, TeX, Racket, C, CSS, HTML, Shell, Haskell, JavaScript",https://avatars0.githubusercontent.com/u/8271090?v=4,190
yusufaytas,30,9.48,"Kotlin, Python, CoffeeScript, Go, Ruby, JavaScript",https://avatars2.githubusercontent.com/u/1049483?v=4,52
qpi,0,9.48,"TypeScript, JavaScript",https://avatars2.githubusercontent.com/u/1001491?v=4,12
okinskas,2,9.48,"C++, Python, CSS, JavaScript",https://avatars0.githubusercontent.com/u/20372387?v=4,32
kapinuss,0,9.48,"Scala, Go",https://avatars0.githubusercontent.com/u/17639945?v=4,26
kimchy,30,9.48,"Python, CSS, Shell, Ruby, JavaScript",https://avatars1.githubusercontent.com/u/41300?v=4,22
s1monw,30,9.48,"Clojure, Shell, JavaScript",https://avatars0.githubusercontent.com/u/973334?v=4,34
jasontedor,30,17.63,"Groovy, Python, Dockerfile, C, XSLT, Go, HTML, Shell, Ruby, JavaScript",https://avatars3.githubusercontent.com/u/4744941?v=4,76
martijnvg,30,9.48,"Rust, Python, C, JavaScript",https://avatars3.githubusercontent.com/u/580421?v=4,26
javanna,30,9.48,"Python, HTML, Scala, JavaScript",https://avatars1.githubusercontent.com/u/832460?v=4,22
rjernst,30,9.48,"C++, Groovy, Python, Shell, Ruby, JavaScript",https://avatars3.githubusercontent.com/u/289412?v=4,46
nik9000,30,9.48,"Makefile, Groovy, Python, XSLT, Go, PHP, HTML, Shell, Ruby, JavaScript",https://avatars2.githubusercontent.com/u/215970?v=4,56
dadoonet,30,219.52,"C++, Groovy, Python, TypeScript, CSS, Go, Perl, HTML, Clojure, Shell, Ruby, JavaScript",https://avatars3.githubusercontent.com/u/274222?v=4,290
jpountz,30,380.62,"Rust, Python, Go, HTML, JavaScript",https://avatars2.githubusercontent.com/u/299848?v=4,44
rmuir,30,9.48,"Python, Perl, C, Ruby, JavaScript",https://avatars1.githubusercontent.com/u/504194?v=4,46
cbuescher,30,13.56,"Processing, Python, Haskell, Prolog, HTML, Shell, Ruby",https://avatars0.githubusercontent.com/u/10398885?v=4,40
bleskes,30,9.48,"Python, VimL, Perl, Clojure, Scala, Ruby, JavaScript",https://avatars1.githubusercontent.com/u/1006375?v=4,32
clintongormley,30,13.56,"C#, Perl, HTML, Ruby, JavaScript",https://avatars0.githubusercontent.com/u/56599?v=4,88
spinscale,30,9.48,"Kotlin, Groovy, TypeScript, Crystal, CSS, Go, Makefile, HTML, Shell, Ruby, JavaScript",https://avatars2.githubusercontent.com/u/667544?v=4,138
jaymode,30,9.48,"HTML, Groovy",https://avatars1.githubusercontent.com/u/4339958?v=4,18
colings86,30,9.48,"Python, CSS, JavaScript",https://avatars0.githubusercontent.com/u/236731?v=4,18
tlrx,30,421.77,"Emacs Lisp, Go",https://avatars1.githubusercontent.com/u/642733?v=4,42
dakrone,30,17.63,"Rust, C++, Python, VimL, Ruby, C, Emacs Lisp, CSS, HTML, Clojure, Shell, Haskell, JavaScript",https://avatars3.githubusercontent.com/u/19060?v=4,300
imotov,30,9.48,"Objective-C, Python, CSS, Go, HTML, Shell, JavaScript",https://avatars3.githubusercontent.com/u/655851?v=4,94
ywelsch,18,9.48,"Groovy, TLA, Perl, Clojure, Shell",https://avatars3.githubusercontent.com/u/3718355?v=4,20
lcawl,8,9.48,"C++, Python, C#, TypeScript, XSLT, Go, PHP, HTML, Shell, Ruby, JavaScript",https://avatars0.githubusercontent.com/u/26471269?v=4,64
jimczi,30,9.48,"Python, JavaScript",https://avatars0.githubusercontent.com/u/15977469?v=4,20
dnhatn,17,13.56,"Python, Isabelle, Go, HTML",https://avatars3.githubusercontent.com/u/13474362?v=4,22
talevy,18,9.48,"Rust, C++, Python, Go, Shell, C, Ruby, JavaScript",https://avatars0.githubusercontent.com/u/388837?v=4,200
areek,30,9.48,"HCL, Shell",https://avatars1.githubusercontent.com/u/753679?v=4,12
uboness,30,9.48,"Python, JavaScript",https://avatars3.githubusercontent.com/u/211019?v=4,28
droberts195,1,9.48,"C++, JavaScript",https://avatars0.githubusercontent.com/u/7405510?v=4,10
original-brownbear,30,9.48,"Objective-C, C++, VimL, Scala, Go, PHP, HTML, Shell, Ruby",https://avatars0.githubusercontent.com/u/6490959?v=4,112
dimitris-athanasiou,4,25.22,"C++, JavaScript, Go",https://avatars3.githubusercontent.com/u/9351617?v=4,10
brwe,30,9.48,"Shell, Scala, JavaScript",https://avatars0.githubusercontent.com/u/4320215?v=4,40
wilkinsona,30,9.48,"Objective-C, Swift, Groovy, CSS, XSLT, Shell, ApacheConf, Ruby, JavaScript",https://avatars3.githubusercontent.com/u/914682?v=4,274
snicoll,30,9.48,"Kotlin, Groovy, CSS, HTML, Shell, Ruby, JavaScript",https://avatars0.githubusercontent.com/u/490484?v=4,242
philwebb,30,21.71,"Groovy, CSS, Go, HTML, Shell, Ruby, JavaScript",https://avatars1.githubusercontent.com/u/519772?v=4,256
dsyer,30,9.48,"C++, Groovy, Python, TypeScript, Dockerfile, Scala, Go, PHP, HTML, Protocol Buffer, Shell, Ruby, JavaScript",https://avatars1.githubusercontent.com/u/124075?v=4,554
mbhave,30,9.48,"CSS, Shell, Ruby, JavaScript",https://avatars0.githubusercontent.com/u/1761408?v=4,62
izeye,30,13.56,"C++, Groovy, Python, Jupyter Notebook, Scala, CSS, Matlab, XSLT, HTML, Clojure, Shell, Go, Ruby, JavaScript",https://avatars3.githubusercontent.com/u/1059363?v=4,392
bclozel,30,25.79,"Groovy, VimL, CSS, Shell, Ruby, JavaScript",https://avatars2.githubusercontent.com/u/103264?v=4,176
dreis2211,18,9.48,"Python, CSS, Go, PHP, HTML, Shell, Ruby",https://avatars2.githubusercontent.com/u/6304496?v=4,52
cdupuis,30,9.48,"TypeScript, Go",https://avatars3.githubusercontent.com/u/206707?v=4,12
vpavic,30,9.48,"Groovy, Python, CSS, HTML, Shell, Scala",https://avatars1.githubusercontent.com/u/1149230?v=4,130
eddumelendez,30,9.48,"Objective-C, Kotlin, Groovy, Python, JavaScript, MAXScript, Dockerfile, Scala, XSLT, Makefile, HTML, Shell, Ruby, TypeScript",https://avatars1.githubusercontent.com/u/1810547?v=4,310
spring-buildmaster,30,9.48,,https://avatars0.githubusercontent.com/u/1134463?v=4,0
garyrussell,30,9.48,"Groovy, XSLT, CSS, Shell, Ruby, JavaScript",https://avatars3.githubusercontent.com/u/483832?v=4,232
nosan,8,9.48,,https://avatars3.githubusercontent.com/u/5054994?v=4,14
jkschneider,30,9.48,"Kotlin, Groovy, C++, Python, TypeScript, CSS, HTML, Shell, Scala, JavaScript",https://avatars2.githubusercontent.com/u/1697736?v=4,262
igor-suhorukov,30,9.48,"C++, Groovy, HTML, Scala, JavaScript",https://avatars1.githubusercontent.com/u/10332206?v=4,120
sdeleuze,30,9.48,"Rust, Kotlin, Groovy, Dart, C++, Python, CSS, Go, PHP, HTML, XSLT, Shell, JavaScript",https://avatars2.githubusercontent.com/u/141109?v=4,356
ayudovin,5,9.48,"Scala, JavaScript",https://avatars1.githubusercontent.com/u/34862741?v=4,14
kazuki43zoo,30,9.48,"HTML, Kotlin, Groovy, Python, Scala, CSS, Shell, ApacheConf, Ruby, JavaScript, PowerShell",https://avatars3.githubusercontent.com/u/5616270?v=4,332
Buzzardo,11,9.48,"Groovy, XSLT, CSS, HTML, Shell, JavaScript",https://avatars3.githubusercontent.com/u/5225162?v=4,272
michael-simons,30,9.48,"Kotlin, Groovy, Python, Ruby, C, XSLT, CSS, HTML, Shell, Visual Basic, JavaScript",https://avatars2.githubusercontent.com/u/526383?v=4,226
rwinch,30,9.48,"Kotlin, Groovy, Python, Scala, XSLT, CSS, HTML, Shell, Go, Ruby, JavaScript",https://avatars0.githubusercontent.com/u/362503?v=4,566
gregturn,30,9.48,"Groovy, Python, Scala, CSS, XSLT, HTML, Shell, Ruby, JavaScript",https://avatars3.githubusercontent.com/u/311040?v=4,380
odrotbohm,30,13.56,"Kotlin, XSLT, CSS, HTML, Shell, Ruby, JavaScript",https://avatars1.githubusercontent.com/u/128577?v=4,160
artembilan,30,21.71,"Kotlin, Groovy, XSLT, Shell, Scala, JavaScript",https://avatars3.githubusercontent.com/u/1071590?v=4,284
htynkn,30,24.65,"Groovy, C#, TSQL, Shell, Scala, Ruby, JavaScript",https://avatars2.githubusercontent.com/u/659135?v=4,58
spring-operator,13,9.48,"Rust, Objective-C, Kotlin, Groovy, Erlang, CSS, PHP, Clojure, JavaScript, PowerShell, C++, R, Python, TeX, PLpgSQL, Dockerfile, Elixir, Makefile, HTML, Shell, Batchfile, Scala, F#, C#, XSLT, Go, Perl, ActionScript, Jupyter Notebook, C, Ruby, TypeScript",https://avatars1.githubusercontent.com/u/4758888?v=4,1826
isopov,30,9.48,"Kotlin, Groovy, Dart, Python, CSS, Go, Shell, Batchfile, Scala, JavaScript",https://avatars1.githubusercontent.com/u/462800?v=4,258
mbenson,9,9.48,"XSLT, Shell, Ruby, JavaScript",https://avatars2.githubusercontent.com/u/487462?v=4,150
rajadilipkolli,6,9.48,CSS,https://avatars2.githubusercontent.com/u/24761580?v=4,50
benjchristensen,30,9.48,"HTML, C++",https://avatars0.githubusercontent.com/u/813492?v=4,16
akarnokd,30,9.48,"XML, Swift, Kotlin, C#, TypeScript, Lua, HTML, Scala, JavaScript",https://avatars2.githubusercontent.com/u/1269832?v=4,192
zsxwing,30,29.87,"C++, Groovy, Python, PHP, HTML, Shell, Scala, JavaScript",https://avatars0.githubusercontent.com/u/1000778?v=4,92
DavidMGross,19,9.48,"Ruby, JavaScript, C++",https://avatars2.githubusercontent.com/u/4491168?v=4,16
samuelgruetter,30,9.48,"Haskell, Ruby, C#, Agda, Scheme, OCaml, HTML, Coq, Scala, JavaScript",https://avatars2.githubusercontent.com/u/2394355?v=4,108
jmhofer,30,9.48,"Rust, R, C++, TeX, CoffeeScript, CSS, Scala",https://avatars0.githubusercontent.com/u/130957?v=4,78
AppliedDuality,30,9.48,,https://avatars0.githubusercontent.com/u/3971612?v=4,0
davidmoten,30,9.48,"C++, Python, GAP, Ruby, CSS, HTML, Shell, Frege, Scala, JavaScript",https://avatars3.githubusercontent.com/u/318187?v=4,376
mairbek,30,9.48,"Rust, C++, Python, Jupyter Notebook, Ruby, Dockerfile, Emacs Lisp, Elixir, Go, HTML, Clojure, C, Scala, JavaScript",https://avatars3.githubusercontent.com/u/549048?v=4,106
vanniktech,30,9.48,"Kotlin, Groovy, C++, Python, Shell, Ruby",https://avatars0.githubusercontent.com/u/5759366?v=4,74
JakeWharton,30,21.71,"Kotlin, Groovy, Python, CSS, HTML, Shell, Ruby, JavaScript",https://avatars0.githubusercontent.com/u/66577?v=4,216
abersnaze,30,9.48,"C++, TypeScript, Clojure, Scala, JavaScript",https://avatars1.githubusercontent.com/u/406038?v=4,100
quidryan,30,17.63,"Rust, Kotlin, Groovy, Python, Jupyter Notebook, Clojure, Shell, Scala, JavaScript",https://avatars0.githubusercontent.com/u/360255?v=4,174
mattrjacobs,30,9.48,"Kotlin, Groovy, Python, Shell, Scala, TypeScript",https://avatars0.githubusercontent.com/u/205579?v=4,44
mttkay,30,33.95,"Kotlin, Groovy, Python, Ruby, Shell, Scala, JavaScript",https://avatars3.githubusercontent.com/u/102802?v=4,86
daveray,30,40.97,"Python, VimL, Ruby, Vim script, Clojure, Scala",https://avatars0.githubusercontent.com/u/51405?v=4,70
michaeldejong,16,9.48,"PHP, HTML, Go",https://avatars2.githubusercontent.com/u/794529?v=4,18
MarioAriasC,30,9.48,"Rust, Kotlin, C++, C, Shell, Scala, JavaScript",https://avatars0.githubusercontent.com/u/4005377?v=4,84
artem-zinnatullin,30,9.48,"Swift, Kotlin, Groovy, C++, Python, Nix, C#, Dockerfile, CSS, HTML, Shell, Ruby, JavaScript",https://avatars0.githubusercontent.com/u/967132?v=4,198
jbripley,20,9.48,"Objective-C, Python, Ruby, Go, PHP, Scala",https://avatars1.githubusercontent.com/u/39431?v=4,32
johngmyers,17,9.48,"Dockerfile, Ruby, Go",https://avatars1.githubusercontent.com/u/1760720?v=4,54
pron,30,9.48,"Isabelle, Groovy, Alloy",https://avatars1.githubusercontent.com/u/1273445?v=4,38
johnhmarks,9,9.48,Scala,https://avatars2.githubusercontent.com/u/1358210?v=4,8
UMFsimke,5,9.48,"Objective-C, Swift, Kotlin, HTML",https://avatars1.githubusercontent.com/u/10116857?v=4,32
jnlopar,7,9.48,"Kotlin, C++, Dart, Python, Go, HTML, Ruby, JavaScript",https://avatars3.githubusercontent.com/u/1297988?v=4,44
abliss,18,9.48,"C++, Python, TeX, CoffeeScript, Emacs Lisp, CSS, Perl, HTML, C, JavaScript",https://avatars1.githubusercontent.com/u/215283?v=4,76
gliptak,21,9.48,"Rust, Erlang, CSS, JavaScript, C++, Python, TeX, Makefile, HTML, Shell, Haskell, Scala, Assembly, Go, Smarty, Vim script, OCaml, Jupyter Notebook, Ruby",https://avatars0.githubusercontent.com/u/50109?v=4,234
billyy,9,9.48,"PHP, Python, Swift",https://avatars1.githubusercontent.com/u/3268652?v=4,28
jloisel,30,9.48,"C++, Python, Smarty, Scala, Go, PHP, Shell, Ruby, JavaScript",https://avatars1.githubusercontent.com/u/3208716?v=4,78
RomanWuattier,1,9.48,"Rust, Kotlin, Python, HTML",https://avatars3.githubusercontent.com/u/13521751?v=4,30
fatosmorina,30,9.48,"CoffeeScript, CSS, HTML, Scala, Ruby, JavaScript, PowerShell",https://avatars1.githubusercontent.com/u/9070583?v=4,88
kdn251,30,9.48,"Objective-C, HTML, C++, Python, C#, Vim script, Jupyter Notebook, C, JavaScript",https://avatars1.githubusercontent.com/u/16903644?v=4,40
sqrthree,30,9.48,"Vue, Python, CSS, Go, HTML, Shell, JavaScript",https://avatars2.githubusercontent.com/u/8622362?v=4,122
leviding,30,9.48,"HTML, Shell, JavaScript",https://avatars3.githubusercontent.com/u/26959437?v=4,28
sbennett1990,7,9.48,"C#, CSS, Shell, C, JavaScript, F#",https://avatars1.githubusercontent.com/u/6392550?v=4,46
veekaybee,30,9.48,"R, Python, Jupyter Notebook, CSS, HTML, JavaScript",https://avatars3.githubusercontent.com/u/3837836?v=4,84
abagasra98,9,9.48,"Swift, Python, JavaScript, CSS, HTML, TypeScript",https://avatars1.githubusercontent.com/u/12569776?v=4,66
ashwani99,10,9.48,"Gherkin, C++, Python, CSS, Go, PHP, HTML, Matlab, JavaScript",https://avatars1.githubusercontent.com/u/12485623?v=4,132
brandonmanke,17,9.48,"Vue, C++, Python, Vim script, Go, HTML, C, JavaScript",https://avatars3.githubusercontent.com/u/8422261?v=4,40
lagebr,2,9.48,"HTML, Prolog, Ruby",https://avatars2.githubusercontent.com/u/14178318?v=4,10
jeffbdye,4,9.48,"HTML, TypeScript, JavaScript",https://avatars3.githubusercontent.com/u/4132425?v=4,20
keon,30,17.63,"HTML, C++, Python, Makefile, Jupyter Notebook, Shell, JavaScript",https://avatars0.githubusercontent.com/u/10793962?v=4,120
UWarbs,8,9.48,"C#, CSS, HTML, JavaScript",https://avatars3.githubusercontent.com/u/6990603?v=4,22
liuhedev,16,9.48,"Kotlin, Dart, Lua, Makefile, HTML, C, JavaScript",https://avatars0.githubusercontent.com/u/19663285?v=4,66
neilbryson,0,9.48,"JavaScript, Assembly, OCaml, PHP, HTML, Ruby, TypeScript",https://avatars1.githubusercontent.com/u/10649516?v=4,40
meshuamam,13,9.48,"JavaScript, Go, Shell, Ruby, TypeScript",https://avatars1.githubusercontent.com/u/1047895?v=4,44
pedroAlba,3,9.48,"Vue, C#, CSS, HTML",https://avatars1.githubusercontent.com/u/23246530?v=4,18
pra85,30,9.48,"Objective-C, Rust, Swift, VimL, Erlang, Crystal, CSS, PHP, Vala, Clojure, Groff, JavaScript, C++, Python, TeX, Nix, HCL, Cuda, Elixir, Makefile, HTML, Shell, Haskell, Scala, Julia, C#, Lua, Go, Perl, Logos, Vue, Objective-C++, Jupyter Notebook, CoffeeScript, Nimrod, C, Ruby, TypeScript",https://avatars2.githubusercontent.com/u/829526?v=4,1618
doshprompt,30,9.48,"Python, CSS, HTML, Shell, JavaScript",https://avatars1.githubusercontent.com/u/1147078?v=4,70
rahulmaddineni,11,9.48,"Swift, C++, JavaScript, C#, TypeScript",https://avatars0.githubusercontent.com/u/17508935?v=4,26
renjithgr,30,9.48,"Rust, C++, Assembly, CSS, JavaScript",https://avatars0.githubusercontent.com/u/2574164?v=4,10
yangshun,30,9.48,"Objective-C, C++, ApacheConf, Python, JavaScript, Shell, CSS, Go, HTML, C, TypeScript",https://avatars3.githubusercontent.com/u/1315101?v=4,214
Triang3l,30,17.63,"UnrealScript, C++, C, JavaScript",https://avatars1.githubusercontent.com/u/1764343?v=4,44
djy0,4,9.48,"Vue, C++, Python, TypeScript, TeX, Go, HTML, C, JavaScript",https://avatars3.githubusercontent.com/u/23182033?v=4,88
doompadee,0,9.48,"PHP, Shell",https://avatars3.githubusercontent.com/u/31240866?v=4,14
emrecosar,16,9.48,"JavaScript, CSS, Dart",https://avatars3.githubusercontent.com/u/2065139?v=4,20
iamquang95,18,9.48,"C++, Python, Ruby, C#, TypeScript, Vim script, Go, HTML, Scala, JavaScript",https://avatars3.githubusercontent.com/u/8794293?v=4,84
Nikaple,7,9.48,"Game Maker Language, JavaScript, CSS, HTML, Shell, TypeScript",https://avatars1.githubusercontent.com/u/24775744?v=4,60
xdream86,23,9.48,"Objective-C, Objective-C++, Swift, C++, Dart, Python, PLSQL, CSS, Go, HTML, Shell, Ruby, JavaScript",https://avatars0.githubusercontent.com/u/1835487?v=4,148
swankjesse,30,9.48,"Kotlin, Go",https://avatars3.githubusercontent.com/u/133019?v=4,42
yschimke,30,9.48,"C++, Kotlin, Groovy, Python, Scala, Go, Perl, HTML, C, Ruby, JavaScript",https://avatars1.githubusercontent.com/u/231923?v=4,154
adriancole,30,9.48,"C++, Python, Ruby, C#, HCL, Protocol Buffer, C, CSS, Go, HTML, Clojure, Shell, Scala, JavaScript",https://avatars2.githubusercontent.com/u/64215?v=4,258
amirlivneh,7,9.48,"C++, Python, CoffeeScript, HTML, C, JavaScript",https://avatars0.githubusercontent.com/u/724254?v=4,34
nfuller,9,9.48,Ruby,https://avatars3.githubusercontent.com/u/6388721?v=4,6
dave-r12,18,9.48,"JavaScript, Go",https://avatars2.githubusercontent.com/u/1520761?v=4,32
mescortes,5,9.48,,https://avatars0.githubusercontent.com/u/1553664?v=4,0
oldergod,30,9.48,"Kotlin, Groovy, VimL, TypeScript, HTML, Shell, JavaScript",https://avatars3.githubusercontent.com/u/1767669?v=4,112
NightlyNexus,30,9.48,"Objective-C, HTML, Swift, Kotlin, CSS, Shell, C, Ruby, JavaScript",https://avatars2.githubusercontent.com/u/4032667?v=4,202
TangHuaiZhe,8,9.48,"Rust, Swift, Kotlin, Groovy, C++, Python, HTML, Ruby, JavaScript",https://avatars3.githubusercontent.com/u/7965577?v=4,44
ShaishavGandhi,30,9.48,"Kotlin, Groovy, Python, C#, CSS, HTML, Shell, JavaScript",https://avatars1.githubusercontent.com/u/2227639?v=4,170
Egorand,30,9.48,"Kotlin, Groovy, Cirru, CSS, HTML, C, Ruby",https://avatars3.githubusercontent.com/u/1186186?v=4,170
15characterlimi,4,9.48,"Pascal, Python, Go",https://avatars1.githubusercontent.com/u/2462356?v=4,18
monkey-mas,11,9.48,"Rust, Kotlin, Python, Haskell, Ruby, C, CSS, Shell, Scala",https://avatars2.githubusercontent.com/u/5261677?v=4,86
pforhan,19,9.48,,https://avatars3.githubusercontent.com/u/331925?v=4,20
narayank,15,9.48,C++,https://avatars0.githubusercontent.com/u/3646811?v=4,12
lingmingyb,30,9.48,"Objective-C, C",https://avatars3.githubusercontent.com/u/4425913?v=4,16
ZacSweers,30,13.56,"Swift, Kotlin, Groovy, C++, Python, OCaml, CSS, Go, HTML, Shell, Ruby, JavaScript",https://avatars1.githubusercontent.com/u/1361086?v=4,298
edenman,30,9.48,"Objective-C, Swift, Kotlin, Groovy, Go, HTML, Shell, JavaScript",https://avatars2.githubusercontent.com/u/1063557?v=4,114
ChristianBecker,26,9.48,"Kotlin, Dart, Python, HTML, Shell",https://avatars1.githubusercontent.com/u/1763815?v=4,18
ericaschulz,16,13.56,"Kotlin, PLpgSQL, HTML, Ruby, JavaScript",https://avatars3.githubusercontent.com/u/19670778?v=4,124
jemaystermind,22,21.89,"Objective-C, Kotlin, Python, Batchfile, CSS, Shell, Ruby, JavaScript",https://avatars1.githubusercontent.com/u/4848376?v=4,50
Jawnnypoo,30,9.48,"Kotlin, Groovy, C++, Python, TypeScript, CSS, HTML, C, Ruby, JavaScript",https://avatars3.githubusercontent.com/u/1459320?v=4,146
klyubin,7,9.48,Shell,https://avatars1.githubusercontent.com/u/6598762?v=4,4
iagreen,5,9.48,HTML,https://avatars2.githubusercontent.com/u/4998678?v=4,6
rjrjr,30,9.48,"HTML, Kotlin",https://avatars0.githubusercontent.com/u/1884445?v=4,8
rbygrave,30,9.48,"Kotlin, Groovy, Python, CSS, PHP, HTML, JavaScript",https://avatars0.githubusercontent.com/u/208973?v=4,50
rtyley,30,9.48,"Rust, C++, Arduino, Python, Shell, Ruby, Dockerfile, CSS, Go, HTML, C, Scala, JavaScript",https://avatars3.githubusercontent.com/u/52038?v=4,250
cpovirk,30,9.48,Python,https://avatars3.githubusercontent.com/u/1703908?v=4,28
kluever,30,42.1,C++,https://avatars1.githubusercontent.com/u/2036304?v=4,16
cgdecker,30,9.48,,https://avatars0.githubusercontent.com/u/101568?v=4,20
lowasser,30,15.69,"Kotlin, C++, TeX, Scheme, OCaml, Haskell",https://avatars2.githubusercontent.com/u/544569?v=4,76
Bezier89,18,9.48,"C++, Groovy, Python, C, Jupyter Notebook, Shell",https://avatars1.githubusercontent.com/u/6324883?v=4,34
cgruber,30,12.2,"Objective-C, HTML, C++, Kotlin, Python, Assembly, TypeScript, C#, Go, Shell, C, Ruby, JavaScript",https://avatars0.githubusercontent.com/u/331234?v=4,148
kevinb9n,27,9.48,,https://avatars2.githubusercontent.com/u/934551?v=4,2
lukesandberg,18,9.48,"Python, C#, CSS, C",https://avatars3.githubusercontent.com/u/210140?v=4,22
chengniansun,0,9.48,"C, JavaScript",https://avatars1.githubusercontent.com/u/4554271?v=4,8
nymanjens,15,9.48,"Python, PHP, HTML, Scala, JavaScript",https://avatars3.githubusercontent.com/u/2151059?v=4,28
jrtom,30,9.48,,https://avatars3.githubusercontent.com/u/11969894?v=4,2
gk5885,30,9.48,,https://avatars2.githubusercontent.com/u/2279476?v=4,14
cushon,30,9.48,"C++, Python, JavaScript, Haskell, CSS, Go, HTML, Ruby, Racket",https://avatars0.githubusercontent.com/u/478458?v=4,142
dimo414,30,19.8,"Python, Shell, Haskell, Go",https://avatars1.githubusercontent.com/u/1885701?v=4,10
ronshapiro,30,100.48,"Objective-C, Kotlin, Groovy, C++, Python, Emacs Lisp, CSS, Shell, Ruby, JavaScript",https://avatars2.githubusercontent.com/u/792797?v=4,100
netdpb,30,26.52,"Objective-C, HTML",https://avatars0.githubusercontent.com/u/4306377?v=4,10
nglorioso,19,9.48,"Ruby, JavaScript",https://avatars3.githubusercontent.com/u/565601?v=4,20
erikvanderpoel,0,9.48,HTML,https://avatars1.githubusercontent.com/u/342384?v=4,2
eamonnmcmanus,30,9.48,Python,https://avatars1.githubusercontent.com/u/5246810?v=4,14
kstanger,13,9.48,Shell,https://avatars0.githubusercontent.com/u/6548109?v=4,6
PeteGillin,4,9.48,,https://avatars0.githubusercontent.com/u/7769557?v=4,0
dorireuv,0,9.48,"PHP, Python",https://avatars3.githubusercontent.com/u/1017142?v=4,20
WilliamCollishaw,2,9.48,,https://avatars3.githubusercontent.com/u/16943514?v=4,24
jbduncan,20,50.99,Python,https://avatars2.githubusercontent.com/u/2482228?v=4,68
JiangJi,2,9.48,"Perl, Vim script",https://avatars2.githubusercontent.com/u/2732936?v=4,10
gkdn,30,9.48,"Python, JavaScript",https://avatars1.githubusercontent.com/u/4112632?v=4,6
yorickhenning,2,9.48,Kotlin,https://avatars1.githubusercontent.com/u/23535960?v=4,6
sumitbhagwani,5,9.48,"Python, C, Kotlin",https://avatars3.githubusercontent.com/u/995649?v=4,8
cdberry-zz,0,9.48,,https://avatars2.githubusercontent.com/u/18039697?v=4,0
eburke,30,9.48,JavaScript,https://avatars0.githubusercontent.com/u/63761?v=4,14
dnkoutso,30,9.48,"Objective-C, Swift, C++, Ruby",https://avatars2.githubusercontent.com/u/310370?v=4,58
loganj,30,9.48,"Kotlin, Ruby",https://avatars3.githubusercontent.com/u/18877?v=4,36
Noel-96,22,9.48,"Objective-C, Swift, PHP, HTML",https://avatars3.githubusercontent.com/u/20171941?v=4,56
rcdickerson,13,9.48,"C, Haskell, Emacs Lisp",https://avatars1.githubusercontent.com/u/63143?v=4,20
kryali,30,9.48,"Objective-C, VimL, C, PHP, Shell, Ruby, JavaScript",https://avatars1.githubusercontent.com/u/174889?v=4,62
holmes,8,9.48,"Objective-C, Swift, Kotlin, C++, Python, Shell, Ruby, JavaScript",https://avatars3.githubusercontent.com/u/59162?v=4,72
JayNewstrom,30,17.63,"Objective-C, Kotlin, Dockerfile, PHP, Shell, Ruby, JavaScript",https://avatars3.githubusercontent.com/u/713288?v=4,46
swanson,30,9.48,"Objective-C, Python, VimL, CoffeeScript, C, CSS, PHP, HTML, Shell, Ruby, JavaScript",https://avatars3.githubusercontent.com/u/56947?v=4,192
crazybob,30,9.48,Pascal,https://avatars2.githubusercontent.com/u/170788?v=4,34
danrice-square,19,9.48,"Ruby, Go",https://avatars0.githubusercontent.com/u/1952897?v=4,14
Turbo87,30,9.48,"Rust, Objective-C, Kotlin, Groovy, CSS, PHP, JavaScript, C++, Python, TeX, HTML, Shell, C#, Go, Pascal, Vue, CoffeeScript, C, Ruby, TypeScript",https://avatars2.githubusercontent.com/u/141300?v=4,1038
naturalwarren,30,9.48,"Swift, Kotlin, Python, VimL, HTML",https://avatars3.githubusercontent.com/u/1113225?v=4,34
guptasourabh04,1,9.48,,https://avatars1.githubusercontent.com/u/27951986?v=4,0
chriscizek,0,9.48,,https://avatars1.githubusercontent.com/u/17190266?v=4,4
codebutler,30,9.48,"Objective-C, C++, Kotlin, Python, Shell, TypeScript, C#, CoffeeScript, CSS, Perl, HTML, C, Ruby, JavaScript",https://avatars2.githubusercontent.com/u/3827?v=4,192
icastell,3,9.48,"JavaScript, CSS",https://avatars2.githubusercontent.com/u/1678605?v=4,38
jjNford,30,9.48,"PHP, Perl, JavaScript",https://avatars3.githubusercontent.com/u/965425?v=4,20
ojh102,30,9.48,"FreeMarker, Swift, Kotlin, Shell, TypeScript",https://avatars2.githubusercontent.com/u/14901903?v=4,128
f2prateek,30,9.48,"Objective-C, Swift, Kotlin, Groovy, Python, C#, CSS, Go, HTML, Shell, JavaScript",https://avatars2.githubusercontent.com/u/843979?v=4,170
yanglbme,30,9.48,HTML,https://avatars2.githubusercontent.com/u/21008209?v=4,6
ImgBotApp,30,9.48,"Objective-C, Swift, Kotlin, Elm, Erlang, CSS, PHP, Clojure, JavaScript, C++, Python, Elixir, HTML, Scala, C#, Go, Vue, CoffeeScript, Jupyter Notebook, C, Ruby, TypeScript",https://avatars1.githubusercontent.com/u/31427850?v=4,708
lihangqi,3,9.48,"C#, HTML, JavaScript, PowerShell",https://avatars2.githubusercontent.com/u/26339055?v=4,38
chenqimiao,8,9.48,"Rust, Shell, HTML",https://avatars0.githubusercontent.com/u/15151483?v=4,26
tccbest,8,9.48,"Go, PHP, HTML, Shell",https://avatars3.githubusercontent.com/u/5753574?v=4,36
lianghao208,0,9.48,"HTML, JavaScript",https://avatars1.githubusercontent.com/u/14137033?v=4,64
naah69,18,68.0,"Objective-C, C++, Python, CSS, Go, HTML, Shell, JavaScript",https://avatars3.githubusercontent.com/u/25682169?v=4,90
acbin,12,9.48,CSS,https://avatars0.githubusercontent.com/u/44314231?v=4,16
jamescheng16,3,9.48,"C#, PHP, HTML, C, JavaScript",https://avatars3.githubusercontent.com/u/4263914?v=4,18
sheldonyss,6,9.48,"Python, JavaScript, C#, TypeScript",https://avatars0.githubusercontent.com/u/15058152?v=4,24
PhilJay,30,25.79,"Objective-C, Swift, Kotlin, Python, HTML, Ruby",https://avatars1.githubusercontent.com/u/6759734?v=4,48
danielgindi,30,9.48,"Objective-C, Swift, Fortran, Kotlin, C++, HTML, Python, C#, PLpgSQL, CSS, PHP, Jupyter Notebook, C, Ruby, JavaScript",https://avatars1.githubusercontent.com/u/366926?v=4,330
almic,17,9.48,"C++, CoffeeScript, C, JavaScript",https://avatars3.githubusercontent.com/u/21991767?v=4,18
tonypatino-monoclesociety,6,9.48,,https://avatars0.githubusercontent.com/u/13628883?v=4,4
ph1lb4,9,9.48,Ruby,https://avatars1.githubusercontent.com/u/6817230?v=4,2
wajdichamakhi,0,9.48,Ruby,https://avatars1.githubusercontent.com/u/4020238?v=4,4
AngelOfMors,0,9.48,,https://avatars1.githubusercontent.com/u/13793037?v=4,2
dexterbg,29,9.48,"C, Arduino, C++",https://avatars1.githubusercontent.com/u/2706753?v=4,20
mesropd,5,9.48,"Shell, JavaScript",https://avatars0.githubusercontent.com/u/8722637?v=4,28
jitpack-io,30,9.48,"Kotlin, Groovy, Dockerfile, HTML, C, Scala, JavaScript",https://avatars0.githubusercontent.com/u/11161622?v=4,186
robertschmid,0,9.48,Swift,https://avatars3.githubusercontent.com/u/1617276?v=4,10
RobertZagorski,9,9.48,JavaScript,https://avatars0.githubusercontent.com/u/4418545?v=4,40
thadeubatista,0,9.48,,https://avatars0.githubusercontent.com/u/10009422?v=4,8
redwarp,30,9.48,"Objective-C, Rust, Kotlin, Groovy, PHP, HTML, Ruby",https://avatars3.githubusercontent.com/u/1741661?v=4,48
CTNCardoso,4,9.48,JavaScript,https://avatars2.githubusercontent.com/u/431215?v=4,2
cdeange,30,9.48,"C++, Python, CSS, Matlab, HTML, JavaScript",https://avatars2.githubusercontent.com/u/3208823?v=4,44
almilli,0,9.48,"Objective-C, Swift, JavaScript",https://avatars2.githubusercontent.com/u/7537226?v=4,16
emmaguy,30,31.67,"Objective-C, Swift, Kotlin, Go, Shell, JavaScript",https://avatars1.githubusercontent.com/u/1143801?v=4,88
farfromrefug,30,9.48,"Objective-C, Objective-C++, HTML, C++, R, Python, JavaScript, PLpgSQL, CSS, Perl, CartoCSS, Shell, TypeScript",https://avatars0.githubusercontent.com/u/655344?v=4,216
MaximPestryakov,7,9.48,"Swift, C++, Kotlin, Python, HTML, Ruby, JavaScript",https://avatars2.githubusercontent.com/u/17238054?v=4,66
mikemonteith,14,9.48,"Objective-C, Swift, Python, CSS, HTML, JavaScript",https://avatars3.githubusercontent.com/u/227467?v=4,88
aint,12,9.48,"Groovy, Python, Haskell, Ruby, Dockerfile, Go, Shell, Scala",https://avatars0.githubusercontent.com/u/3179252?v=4,74
pagrzybe,1,9.48,,https://avatars1.githubusercontent.com/u/16819943?v=4,4
vpop,11,9.48,"C++, C#, Go, HTML",https://avatars3.githubusercontent.com/u/3687404?v=4,40
wilder,30,9.48,"Swift, HTML, Kotlin, C++, Python, Shell, Assembly, Matlab, Go, Jupyter Notebook, C, JavaScript",https://avatars1.githubusercontent.com/u/12280517?v=4,176
duchampdev,2,9.48,"Kotlin, C++, Python, CSS",https://avatars0.githubusercontent.com/u/26816455?v=4,20
CoryCharlton,5,9.48,C#,https://avatars2.githubusercontent.com/u/10094287?v=4,32
SilverFoxA,17,9.48,"CSS, PHP, HTML, JavaScript",https://avatars1.githubusercontent.com/u/6983070?v=4,68
adric,2,9.48,"Swift, C++, Python, C#, Lua, JavaScript",https://avatars2.githubusercontent.com/u/1448796?v=4,28
amartinz,30,9.48,"Makefile, C++, Kotlin, Python, Perl, C#, C, PHP, HTML, Shell, JavaScript",https://avatars2.githubusercontent.com/u/2779871?v=4,128
srowen,30,9.48,"Python, Jupyter Notebook, Scala",https://avatars0.githubusercontent.com/u/822522?v=4,20
medicalwei,30,9.48,"C++, Python, GCC Machine Description, Perl, Shell, TeX, CoffeeScript, FORTRAN, CSS, Go, PHP, HTML, C, Ruby, JavaScript",https://avatars3.githubusercontent.com/u/74481?v=4,202
slepmog,2,9.48,,https://avatars1.githubusercontent.com/u/7415007?v=4,2
makiuchi-d,24,9.48,"HTML, C++, M4, Python, QML, C#, CSS, Go, PHP, Shell, C, JavaScript",https://avatars3.githubusercontent.com/u/1674313?v=4,88
dsanders11,6,9.48,"Objective-C, Vue, C++, Python, JavaScript, Shell, Assembly, CSS, Go, Makefile, HTML, C, TypeScript",https://avatars2.githubusercontent.com/u/5820654?v=4,334
tanelihuuskonen,0,9.48,"Clojure, C++",https://avatars0.githubusercontent.com/u/19185280?v=4,6
micjahn,30,9.48,"Python, C#",https://avatars2.githubusercontent.com/u/3475026?v=4,12
mhcuervo,2,9.48,JavaScript,https://avatars1.githubusercontent.com/u/8988213?v=4,2
burunduk,5,9.48,"C++, Groovy, CSS, Pascal, Shell, Batchfile, JavaScript",https://avatars0.githubusercontent.com/u/912818?v=4,84
yoshi389111,0,9.48,"Python, C, Jupyter Notebook, Shell, JavaScript",https://avatars0.githubusercontent.com/u/15214393?v=4,20
strguntbr,2,9.48,"C, Groovy, JavaScript",https://avatars1.githubusercontent.com/u/4062126?v=4,18
benjohnde,30,9.48,"Objective-C, Swift, Kotlin, C++, Python, C#, TeX, Shell, JavaScript",https://avatars3.githubusercontent.com/u/5439810?v=4,66
MicheleMas,0,9.48,"HTML, TeX",https://avatars2.githubusercontent.com/u/10667397?v=4,12
UniQP,12,9.48,"C++, Python, TeX, Vim script, CSS, HTML, C",https://avatars0.githubusercontent.com/u/1321557?v=4,70
az-ericso,1,9.48,JavaScript,https://avatars1.githubusercontent.com/u/15348044?v=4,6
QingfengLee,8,9.48,"C++, Python, CSS, Go, HTML, C, JavaScript",https://avatars1.githubusercontent.com/u/3244825?v=4,48
t123yh,30,9.48,"Objective-C, Makefile, C++, Python, C#, Lua, Scheme, Go, PHP, Shell, C, JavaScript",https://avatars0.githubusercontent.com/u/8972552?v=4,96
mechkg,7,9.48,"C++, Haskell, C#, Emacs Lisp, PHP, Shell, Scala, JavaScript",https://avatars3.githubusercontent.com/u/819194?v=4,62
odahcam,30,9.48,"Kotlin, JavaScript, C#, CSS, Go, PHP, HTML, TypeScript",https://avatars1.githubusercontent.com/u/3942006?v=4,124
Matrix44,0,9.48,,https://avatars1.githubusercontent.com/u/1388744?v=4,4
mertemin,15,9.48,"Dart, Python, TeX, C#, PHP, HTML, Ruby, JavaScript",https://avatars3.githubusercontent.com/u/597707?v=4,56
xuthus,2,9.48,"Python, Pascal, Kotlin",https://avatars2.githubusercontent.com/u/6282044?v=4,28
t-8ch,17,9.48,"Rust, Makefile, Kotlin, C++, Puppet, Python, Perl, JavaScript, Ruby, TeX, Vala, CSS, PHP, Shell, C, Haskell, TypeScript",https://avatars3.githubusercontent.com/u/717901?v=4,262
fgrieu,2,9.48,,https://avatars2.githubusercontent.com/u/7809433?v=4,0
mikejkjr,0,9.48,JavaScript,https://avatars1.githubusercontent.com/u/6655431?v=4,2
tgibson11,0,9.48,"Python, Scala",https://avatars1.githubusercontent.com/u/3578666?v=4,8
herman1vdb,2,9.48,"JavaScript, C#, C, TypeScript",https://avatars3.githubusercontent.com/u/8955362?v=4,20
rospus,0,9.48,"PHP, Shell, JavaScript",https://avatars1.githubusercontent.com/u/3520858?v=4,18
ahatzz11,3,9.48,"C++, Groovy, Python, HTML, Shell, JavaScript",https://avatars3.githubusercontent.com/u/6256032?v=4,36
aniederle,0,9.48,,https://avatars0.githubusercontent.com/u/41335187?v=4,2
diecui1202,30,17.63,"Shell, HTML, JavaScript",https://avatars2.githubusercontent.com/u/1152291?v=4,30
toby1024,7,9.48,"Vue, Swift, Python, Dockerfile, Nginx, CSS, HTML, Shell, Ruby, JavaScript",https://avatars1.githubusercontent.com/u/1757739?v=4,160
xumeng,30,9.48,"Objective-C, Swift, Python, CSS, Go, HTML, Shell, Ruby, JavaScript",https://avatars2.githubusercontent.com/u/2187660?v=4,156
sfyumi,16,9.48,"Swift, Python, C#, CSS, HTML, JavaScript",https://avatars3.githubusercontent.com/u/1942488?v=4,38
guerbai,18,9.48,"Python, Jupyter Notebook, Emacs Lisp, HTML, JavaScript",https://avatars2.githubusercontent.com/u/17327981?v=4,30
twoyao,13,9.48,"Python, Emacs Lisp, CSS, Go, Shell, JavaScript",https://avatars2.githubusercontent.com/u/3994717?v=4,24
wangzhenhui1992,7,9.48,"Python, HTML, JavaScript",https://avatars1.githubusercontent.com/u/16408480?v=4,26
aaronysj,6,9.48,PHP,https://avatars3.githubusercontent.com/u/13292046?v=4,4
Caeson,3,9.48,"Objective-C, C",https://avatars0.githubusercontent.com/u/14235657?v=4,10
paulkennethkent,3,9.48,"Python, CSS, HTML, Ruby, JavaScript",https://avatars3.githubusercontent.com/u/2339925?v=4,58
Pomelo1001,3,9.48,"Python, JavaScript",https://avatars2.githubusercontent.com/u/17921107?v=4,22
TGhoul,20,9.48,"Objective-C, FreeMarker, C++, Python, TypeScript, ASP, CSS, Go, PHP, HTML, Shell, JavaScript",https://avatars2.githubusercontent.com/u/14310807?v=4,138
destinym,0,9.48,"Vue, C++, Python, CSS, PHP, Batchfile, JavaScript",https://avatars2.githubusercontent.com/u/3216650?v=4,42
mrwlei,2,9.48,"Python, HTML, JavaScript",https://avatars2.githubusercontent.com/u/11771469?v=4,26
paperant,3,9.48,"Swift, Python, CSS, PHP, Jupyter Notebook, JavaScript",https://avatars3.githubusercontent.com/u/18215687?v=4,32
rosuH,24,9.48,"Kotlin, Python, CSS, HTML, C, JavaScript",https://avatars2.githubusercontent.com/u/15865017?v=4,88
wanyinsheng,0,17.63,"Vue, C++, Python, Shell, Jupyter Notebook, Lua, CSS, Go, PHP, HTML, C, JavaScript",https://avatars3.githubusercontent.com/u/30773453?v=4,302
sora-zero,4,9.48,"Python, Makefile, JavaScript",https://avatars1.githubusercontent.com/u/3668122?v=4,18
bigbeef,30,68.0,"C++, Python, Shell, Dockerfile, HTML, C, JavaScript",https://avatars1.githubusercontent.com/u/17740213?v=4,80
xiaoyangW,7,9.48,"Python, HTML",https://avatars1.githubusercontent.com/u/19143485?v=4,44
tanwenhai,7,9.48,"Kotlin, CSS, Perl, HTML, Shell, JavaScript",https://avatars1.githubusercontent.com/u/6077165?v=4,62
macrozheng,30,9.48,"Vue, JavaScript, Dart",https://avatars2.githubusercontent.com/u/15903809?v=4,32
skylot,30,9.48,,https://avatars3.githubusercontent.com/u/118523?v=4,2
asashour,12,9.48,"Python, C++",https://avatars0.githubusercontent.com/u/2410127?v=4,8
jpstotz,1,9.48,"C++, Python, C#, Go, Makefile, C, JavaScript",https://avatars3.githubusercontent.com/u/924885?v=4,50
sergey-wowwow,2,9.48,,https://avatars0.githubusercontent.com/u/15173437?v=4,0
NeoSpb,0,9.48,"C++, Python, PHP, Shell, C",https://avatars1.githubusercontent.com/u/3824056?v=4,22
sergeytoshin,0,9.48,,https://avatars0.githubusercontent.com/u/45564218?v=4,0
13-beta2,1,9.48,"Makefile, C#",https://avatars0.githubusercontent.com/u/2017168?v=4,12
Donlon,4,9.48,"HTML, C++, Python, Pascal, C",https://avatars3.githubusercontent.com/u/4056887?v=4,26
daramos,4,9.48,"Rust, Go, PHP, Shell, C, JavaScript",https://avatars2.githubusercontent.com/u/1821444?v=4,40
tRuNKator,0,9.48,"Kotlin, C++, Python, HTML, C",https://avatars2.githubusercontent.com/u/34552981?v=4,84
FlXME,0,9.48,"Python, PHP, JavaScript",https://avatars3.githubusercontent.com/u/22281321?v=4,24
wuyongzheng,18,9.48,"HTML, C++, Python, Lua, Makefile, Shell, C, JavaScript",https://avatars0.githubusercontent.com/u/128517?v=4,74
allight,2,9.48,"C++, Python, Smali, Go, TypeScript",https://avatars1.githubusercontent.com/u/3878235?v=4,18
riboribo,0,9.48,,https://avatars1.githubusercontent.com/u/9336045?v=4,2
mingyuan-xia,30,9.48,"C++, Python, TeX, CoffeeScript, HTML, C, JavaScript",https://avatars3.githubusercontent.com/u/1170592?v=4,38
rgoggins,1,9.48,"Swift, Python, HTML, C, Visual Basic, JavaScript",https://avatars3.githubusercontent.com/u/21098225?v=4,38
asviridenko,0,9.48,,https://avatars1.githubusercontent.com/u/7235847?v=4,2
mtdcr,6,9.48,"C++, Python, Shell, PHP, HTML, C, Ruby",https://avatars3.githubusercontent.com/u/925299?v=4,66
dnet,30,9.48,"Rust, Kotlin, Arduino, Erlang, PHP, JavaScript, OpenEdge ABL, C++, Python, GCC Machine Description, TeX, HTML, Shell, Go, Perl, Eagle, Processing, Verilog, C, Ruby",https://avatars1.githubusercontent.com/u/163115?v=4,364
antonellof,3,9.48,"Swift, Python, TypeScript, PHP, HTML, JavaScript",https://avatars2.githubusercontent.com/u/6189495?v=4,52
JaviLukiOfficial,0,12.2,"HTML, C++",https://avatars0.githubusercontent.com/u/42473691?v=4,10
kendling,2,9.48,"C++, VimL, Shell, C",https://avatars3.githubusercontent.com/u/3919496?v=4,48
KpChuck,1,9.48,"HTML, Kotlin",https://avatars1.githubusercontent.com/u/26860157?v=4,18
soldierkam,2,9.48,"C++, Python, TypeScript, Smarty, Dockerfile, Go, Shell, C, Ruby, JavaScript",https://avatars3.githubusercontent.com/u/774583?v=4,122
netmaxt3r,3,9.48,"Objective-C, C++, Dart, Makefile, Shell, C, Ruby, JavaScript",https://avatars2.githubusercontent.com/u/1734518?v=4,74
TheStrix,30,9.48,"C++, Perl, C, Makefile, HTML, Shell",https://avatars2.githubusercontent.com/u/7228747?v=4,84
Tneciv,27,9.48,"Objective-C, CSS, HTML, JavaScript",https://avatars3.githubusercontent.com/u/7685451?v=4,30
vbauer,30,12.2,"HTML, Clojure, Shell, JavaScript",https://avatars0.githubusercontent.com/u/578021?v=4,48
dgorshkov,0,9.48,Python,https://avatars3.githubusercontent.com/u/20928181?v=4,6
Fruiter,5,9.48,"Jupyter Notebook, Scala, JavaScript",https://avatars0.githubusercontent.com/u/1571308?v=4,24
wenshao,30,28.51,"C++, Python, TypeScript, C, PHP, HTML, Shell, Scala, JavaScript",https://avatars3.githubusercontent.com/u/1166785?v=4,160
VictorZeng,30,9.48,"CSS, Scala, Elixir",https://avatars1.githubusercontent.com/u/9109915?v=4,26
kimmking,30,21.71,"Rust, Kotlin, Groovy, CSS, PHP, Clojure, JavaScript, C++, Python, TeX, Makefile, HTML, Shell, Scala, C#, Lua, Go, Perl, Vue, CoffeeScript, C, TypeScript",https://avatars0.githubusercontent.com/u/807508?v=4,626
Omega-Ariston,20,9.48,"Ada, C++, Assembly, CSS, JavaScript",https://avatars1.githubusercontent.com/u/32405587?v=4,26
neil4dong,17,9.48,"Swift, Scala",https://avatars3.githubusercontent.com/u/16929939?v=4,22
yakolee,30,9.48,,https://avatars1.githubusercontent.com/u/6767054?v=4,4
timandy,14,9.48,"C++, Python, C#, TypeScript, C, Roff, Pascal, HTML, Shell, Ruby, JavaScript, PowerShell",https://avatars0.githubusercontent.com/u/3809541?v=4,144
JoshuaJeme,0,9.48,,https://avatars2.githubusercontent.com/u/1128385?v=4,12
axmanwang,30,9.48,,https://avatars3.githubusercontent.com/u/1586503?v=4,2
lihengming,30,9.48,"Groovy, Shell, CSS, HTML, C, JavaScript",https://avatars3.githubusercontent.com/u/17757549?v=4,42
wuwen5,30,29.87,"Kotlin, Python, TeX, Go, PHP, HTML, Shell, JavaScript",https://avatars2.githubusercontent.com/u/5037807?v=4,134
ptma,5,9.48,"FreeMarker, TypeScript, HTML, C, JavaScript",https://avatars0.githubusercontent.com/u/1761883?v=4,100
CodePlayer,4,9.48,"CSS, Go, PHP, HTML, JavaScript",https://avatars0.githubusercontent.com/u/3793502?v=4,34
bingoko,7,9.48,"Objective-C, Julia, C++, Kotlin, R, Python, Ruby, PLpgSQL, C#, TypeScript, TeX, PHP, HTML, C, Scala, JavaScript",https://avatars3.githubusercontent.com/u/6131965?v=4,146
chen623,0,9.48,TypeScript,https://avatars3.githubusercontent.com/u/28013371?v=4,6
OrDTesters,1,9.48,,https://avatars0.githubusercontent.com/u/44483852?v=4,36
azy2,5,9.48,"Rust, C++, Python, TeX, Emacs Lisp, CSS, Shell, C, JavaScript",https://avatars2.githubusercontent.com/u/6697407?v=4,62
imknown,30,9.48,"Objective-C, HTML, C++, Kotlin, Groovy, Rascal, Python, C#, C, IDL, CSS, Go, Makefile, Shell, Batchfile, Ruby, JavaScript",https://avatars1.githubusercontent.com/u/5681447?v=4,320
qifanyang,2,17.63,"C, CSS, JavaScript",https://avatars3.githubusercontent.com/u/2858765?v=4,32
wxisme,22,9.48,"Python, HTML, C, JavaScript",https://avatars3.githubusercontent.com/u/11460951?v=4,64
yanquanyu,1,9.48,"CSS, Shell, JavaScript",https://avatars2.githubusercontent.com/u/6947841?v=4,28
lh4111,13,9.48,"Vue, Objective-C, TypeScript, HTML, JavaScript",https://avatars1.githubusercontent.com/u/11894906?v=4,52
munendrasn,4,9.48,"Python, HTML, Emacs Lisp",https://avatars3.githubusercontent.com/u/9696252?v=4,18
oldratlee,30,33.95,"Objective-C, R, Erlang, Vim script, CSS, Shell, Scala",https://avatars1.githubusercontent.com/u/1063891?v=4,86
duxinglangzi,3,9.48,"HTML, JavaScript",https://avatars2.githubusercontent.com/u/30685649?v=4,16
nschaffner,0,9.48,"Python, C, HTML",https://avatars1.githubusercontent.com/u/43625356?v=4,16
beilly,15,9.48,"Objective-C, API Blueprint, Swift, Kotlin, Dart, Python, PHP, HTML, C, Scala, JavaScript",https://avatars3.githubusercontent.com/u/7353956?v=4,106
zihengCat,21,9.48,"Python, JavaScript, Dockerfile, CSS, HTML, C, TypeScript",https://avatars3.githubusercontent.com/u/19472493?v=4,48
rmfish,4,9.48,"Groovy, CSS, Go, HTML",https://avatars0.githubusercontent.com/u/1287895?v=4,46
severalfly,5,17.63,"C, C++, CSS",https://avatars1.githubusercontent.com/u/8219881?v=4,50
ityouknow,30,9.48,"Python, JavaScript, CSS",https://avatars0.githubusercontent.com/u/4979648?v=4,46
RaytorHu,6,9.48,"Swift, PHP, C, JavaScript",https://avatars1.githubusercontent.com/u/37994163?v=4,10
imtms,17,9.48,"Dockerfile, Nginx, CSS, Go, PHP, HTML, JavaScript",https://avatars3.githubusercontent.com/u/8328620?v=4,36
7c00,30,9.48,JavaScript,https://avatars2.githubusercontent.com/u/5550004?v=4,4
a173030685,3,9.48,"JavaScript, CSS",https://avatars0.githubusercontent.com/u/9361755?v=4,16
dynamitechetan,30,28.0,"Python, CSS, Go, C, JavaScript",https://avatars1.githubusercontent.com/u/14369357?v=4,68
varunu28,30,9.48,"Kotlin, Python, Ruby, C, TSQL, CSS, XSLT, HTML, Shell, Scala, JavaScript",https://avatars0.githubusercontent.com/u/7676016?v=4,210
christianbender,30,9.48,"Processing, C++, Python, Tcl, Jupyter Notebook, C#, Lua, TypeScript, MATLAB, HTML, C, Ruby, JavaScript, WebAssembly",https://avatars0.githubusercontent.com/u/23243382?v=4,124
AnupKumarPanwar,30,21.53,"Objective-C, C++, Kotlin, Python, TypeScript, CSS, Go, PHP, HTML, C, Haskell, JavaScript",https://avatars2.githubusercontent.com/u/10573038?v=4,152
nikitap492,18,9.48,"Kotlin, Python, Shell, Scala, JavaScript",https://avatars3.githubusercontent.com/u/18111582?v=4,34
theycallmemac,30,9.48,"Rust, Python, Shell, Dockerfile, CSS, Go, HTML, C, JavaScript",https://avatars1.githubusercontent.com/u/16108563?v=4,52
SunggyuLee,2,9.48,"Jupyter Notebook, CSS, HTML, JavaScript",https://avatars1.githubusercontent.com/u/37533101?v=4,42
dpacmen,12,9.48,"Python, HTML, Jupyter Notebook",https://avatars0.githubusercontent.com/u/24369575?v=4,50
GammaBurst101,2,9.48,"HTML, JavaScript",https://avatars0.githubusercontent.com/u/35678205?v=4,16
mk9440,29,9.48,"HTML, C++, Python, Jupyter Notebook",https://avatars1.githubusercontent.com/u/17431191?v=4,126
RianGallagher,15,9.48,"C++, Python, Dockerfile, Go, JavaScript",https://avatars1.githubusercontent.com/u/22603971?v=4,24
dimgrichr,1,9.48,"Python, Shell",https://avatars3.githubusercontent.com/u/32580033?v=4,8
sahilb2,12,9.48,"Python, CSS, HTML, Shell, JavaScript",https://avatars0.githubusercontent.com/u/21992243?v=4,44
shivg7706,14,9.48,"C++, Python, Jupyter Notebook, C, JavaScript",https://avatars2.githubusercontent.com/u/21190262?v=4,66
LeeChungWan,13,21.53,"HTML, C++, Python, CSS, Jupyter Notebook, C, JavaScript",https://avatars2.githubusercontent.com/u/26535056?v=4,56
NISHITA97,30,9.48,"E, Python, Jupyter Notebook, HTML, JavaScript",https://avatars2.githubusercontent.com/u/22667364?v=4,60
The-TJ,1,9.48,"Python, CSS, HTML, C, Ruby",https://avatars1.githubusercontent.com/u/32796932?v=4,18
JeonSeongBae,13,28.0,"R, C++, Python, CSS, HTML, C, JavaScript",https://avatars2.githubusercontent.com/u/19682981?v=4,68
Phil-Schmidt,0,9.48,TeX,https://avatars3.githubusercontent.com/u/7570771?v=4,4
shikhart98,15,9.48,"Kotlin, C++, Python, CSS, PHP, HTML",https://avatars0.githubusercontent.com/u/29306481?v=4,92
shellhub,30,9.48,"HTML, Shell, C, Ruby, JavaScript",https://avatars1.githubusercontent.com/u/32572119?v=4,38
ayaanfaiz,15,21.53,"C++, Python, HTML, C, JavaScript",https://avatars3.githubusercontent.com/u/20418075?v=4,68
RollandMichael7,1,9.48,"Python, Assembly, ShaderLab, HTML, C",https://avatars1.githubusercontent.com/u/14168201?v=4,24
freitzzz,16,9.48,"Batchfile, JavaScript, Dart",https://avatars1.githubusercontent.com/u/26190214?v=4,38
ShyamW,3,9.48,"Python, C#, CSS, Ruby, JavaScript",https://avatars2.githubusercontent.com/u/17036171?v=4,58
mpokryva,3,9.48,"HTML, C++, Python, Matlab, CSS, Jupyter Notebook, C",https://avatars3.githubusercontent.com/u/14366106?v=4,54
nisarhassan12,13,9.48,"Vue, JavaScript, CSS, HTML, TypeScript",https://avatars3.githubusercontent.com/u/46004116?v=4,54
ashish4321,11,9.48,"C++, Python, JavaScript, Jupyter Notebook, C#, C, HTML, Shell, TypeScript",https://avatars1.githubusercontent.com/u/25305613?v=4,66
dkesriyeli,8,9.48,"Processing, HTML, C++, CSS, Jupyter Notebook, C",https://avatars0.githubusercontent.com/u/8526977?v=4,22
hengyunabc,30,9.48,"HTML, C++, Python, Shell, PLpgSQL, CoffeeScript, CSS, Go, Jupyter Notebook, C, Visual Basic, JavaScript",https://avatars2.githubusercontent.com/u/1683936?v=4,242
Hearen,30,9.48,"HTML, C++, Python, JavaScript, Jupyter Notebook, TeX, C#, Vim script, Shell, C, Ruby, TypeScript",https://avatars3.githubusercontent.com/u/10859176?v=4,100
beiwei30,30,9.48,"Dockerfile, HTML, TypeScript",https://avatars3.githubusercontent.com/u/18651996?v=4,36
ralf0131,30,9.48,"C++, XSLT, Go, HTML, Ruby, JavaScript",https://avatars1.githubusercontent.com/u/4397305?v=4,36
earayu,16,9.48,"Swift, HTML, C++, Python, ActionScript, TypeScript, Lua, CSS, Go, Jupyter Notebook, Shell, JavaScript",https://avatars1.githubusercontent.com/u/13747699?v=4,202
xuzhiyiYoh,4,9.48,JavaScript,https://avatars0.githubusercontent.com/u/48389485?v=4,14
0xflotus,30,9.48,"Rust, Objective-C, Swift, Kotlin, Groovy, Dart, Erlang, SystemVerilog, CSS, CMake, PHP, Clojure, JavaScript, PowerShell, C++, Python, Idris, TeX, Nix, HCL, Elixir, HTML, Shell, Scala, Haskell, F#, Racket, FreeMarker, LiveScript, Assembly, C#, Lua, Common Lisp, Emacs Lisp, Go, Perl, Pascal, Red, Prolog, Vue, Vim script, OCaml, Jupyter Notebook, C, Ruby, TypeScript",https://avatars3.githubusercontent.com/u/26602940?v=4,2336
bohrqiu,30,9.48,"CSS, Go, HTML, Shell, JavaScript",https://avatars3.githubusercontent.com/u/1333657?v=4,52
anjia0532,30,9.48,"CSS, PHP, JavaScript, PowerShell, C++, Python, TeX, Dockerfile, Nginx, Makefile, HTML, Shell, Scala, Lua, Go, Perl, Vue, Smarty, C, Ruby",https://avatars1.githubusercontent.com/u/15098916?v=4,200
garenchan,8,9.48,"C++, Python, Assembly, CSS, Go, C, JavaScript",https://avatars2.githubusercontent.com/u/13200012?v=4,84
kylixs,13,9.48,"Rust, Objective-C, C++, Python, C#, CoffeeScript, C, CSS, Go, Pascal, Shell, JavaScript",https://avatars0.githubusercontent.com/u/5483385?v=4,124
sjha2048,26,9.48,"Vue, HTML, C++, Dart, Python, Shell, C#, Assembly, TypeScript, Cuda, CSS, Go, Jupyter Notebook, C, Ruby, JavaScript, PowerShell",https://avatars0.githubusercontent.com/u/30971724?v=4,154
superheizai,4,9.48,"Vue, C++, Python, Erlang, CSS, Go, HTML, Scala",https://avatars2.githubusercontent.com/u/3948418?v=4,94
snipercy,9,9.48,"Rust, Swift, C++, Python, CSS, Go, Shell, C, JavaScript",https://avatars3.githubusercontent.com/u/5162780?v=4,58
zhangjin-007,9,9.48,"Python, Ruby, TypeScript, CoffeeScript, Shell, Scala, JavaScript",https://avatars1.githubusercontent.com/u/8253412?v=4,70
ted-wq-x,11,9.48,"CSS, Go, HTML, JavaScript",https://avatars1.githubusercontent.com/u/22289061?v=4,48
guohao,15,9.48,"HTML, C++",https://avatars0.githubusercontent.com/u/13098309?v=4,22
jamesxuhaozhe,8,9.48,"Objective-C, Kotlin, Python, PHP, Scala, Ruby, JavaScript",https://avatars2.githubusercontent.com/u/3423684?v=4,116
sergioescala,4,9.48,"Python, CSS",https://avatars1.githubusercontent.com/u/17890515?v=4,40
alfredzouang,1,9.48,,https://avatars0.githubusercontent.com/u/43456743?v=4,2
x334085347,4,9.48,"Vim script, Scala, JavaScript",https://avatars3.githubusercontent.com/u/26058292?v=4,12
Acvrock,30,9.48,"Objective-C, Shell, XSLT, HTML, C, JavaScript",https://avatars3.githubusercontent.com/u/4920598?v=4,44
15101596893,0,9.48,JavaScript,https://avatars3.githubusercontent.com/u/26040780?v=4,10
minderov,10,9.48,JavaScript,https://avatars3.githubusercontent.com/u/15854038?v=4,4
blindpirate,30,9.48,"Objective-C, ANTLR, Kotlin, Groovy, C++, Python, CSS, Go, Perl, Shell, Ruby, JavaScript",https://avatars3.githubusercontent.com/u/12689835?v=4,206
Braavos96,4,9.48,,https://avatars1.githubusercontent.com/u/35978114?v=4,4
brijeshprasad89,2,9.48,"C++, Assembly, TypeScript, CSS, Go, HTML, JavaScript",https://avatars2.githubusercontent.com/u/10307799?v=4,64
Guilai1990,1,9.48,"Python, C#, CSS, Go, HTML, Shell",https://avatars3.githubusercontent.com/u/14935638?v=4,64
DepthZ,2,9.48,,https://avatars2.githubusercontent.com/u/26402116?v=4,2
DoyuTu,2,9.48,Go,https://avatars1.githubusercontent.com/u/19929855?v=4,14
binarywang,30,9.48,"C++, Python, JavaScript, Go, HTML, Shell, Batchfile, TypeScript",https://avatars1.githubusercontent.com/u/1343140?v=4,110
chanjarster,30,9.48,"CSS, Go, HTML, Shell, Ruby, JavaScript",https://avatars0.githubusercontent.com/u/612413?v=4,134
aimilin6688,2,9.48,"Python, TeX, NSIS, CSS, HTML, JavaScript",https://avatars2.githubusercontent.com/u/3804814?v=4,54
007gzs,30,9.48,"Vue, Objective-C, Swift, C++, Python, Shell, TeX, PHP, HTML, C, JavaScript",https://avatars2.githubusercontent.com/u/5856259?v=4,146
mgcnrx11,3,9.48,"PHP, HTML, Shell, Scala, JavaScript",https://avatars3.githubusercontent.com/u/1214823?v=4,32
ukid,0,9.48,"C++, Python, Lua, Dockerfile, Go, Shell, C, JavaScript",https://avatars3.githubusercontent.com/u/1004222?v=4,44
kakotor,1,9.48,"Kotlin, Python, C#, ASP, Go, HTML, JavaScript",https://avatars0.githubusercontent.com/u/1669371?v=4,58
kareanyi,18,9.48,JavaScript,https://avatars1.githubusercontent.com/u/10240570?v=4,12
tianmu,5,13.56,"HTML, Go",https://avatars1.githubusercontent.com/u/3356089?v=4,12
crskyp,30,9.48,"JavaScript, Go",https://avatars2.githubusercontent.com/u/1946453?v=4,20
rememberber,30,9.48,"Vue, C++, Kotlin, JavaScript, C#, CSS, HTML, Clojure, TypeScript",https://avatars1.githubusercontent.com/u/4653893?v=4,98
charmingoh,13,9.48,"PHP, HTML, JavaScript",https://avatars1.githubusercontent.com/u/6066386?v=4,22
gaigeshen,5,9.48,HTML,https://avatars2.githubusercontent.com/u/7309579?v=4,38
forfuns,5,9.48,"Rust, Objective-C, C++, Python, TypeScript, CoffeeScript, C, CSS, Rascal, HTML, Shell, Ruby, JavaScript",https://avatars2.githubusercontent.com/u/1745525?v=4,92
yuanqixun,19,9.48,"Vue, Kotlin, Groovy, Python, Shell, CSS, XSLT, HTML, C, JavaScript",https://avatars0.githubusercontent.com/u/783318?v=4,180
zxkane,18,9.48,"Kotlin, Python, VimL, TypeScript, Smarty, Dockerfile, CSS, Go, PHP, HTML, Scala, JavaScript",https://avatars1.githubusercontent.com/u/843303?v=4,110
fxdfxq,0,9.48,,https://avatars1.githubusercontent.com/u/17699565?v=4,6
ajffdnt,0,9.48,"Python, JavaScript",https://avatars2.githubusercontent.com/u/4186486?v=4,18
jink2005,13,9.48,"Objective-C, C++, Python, C#, CSS, PHP, C, JavaScript",https://avatars0.githubusercontent.com/u/1567101?v=4,78
dylanleung,2,9.48,"Swift, C++, Groovy, Python, VimL, TypeScript, Lua, CoffeeScript, C, CSS, Go, PHP, HTML, Shell, Scala, JavaScript",https://avatars1.githubusercontent.com/u/1852360?v=4,288
huansinho,5,9.48,"Jupyter Notebook, C",https://avatars3.githubusercontent.com/u/173939?v=4,20
DDLeEHi,1,9.48,,https://avatars2.githubusercontent.com/u/20118945?v=4,10
unlimitedsola,30,9.48,"Kotlin, C++, Python, Assembly, Dockerfile, Go, JavaScript",https://avatars2.githubusercontent.com/u/3632663?v=4,52
codepiano,30,9.48,"Python, VimL, Haskell, Smarty, Vim script, Go, HTML, Shell, Ruby, JavaScript",https://avatars1.githubusercontent.com/u/2015631?v=4,64
withinthefog,5,9.48,"Objective-C, C++, Python, Shell, Ruby, JavaScript",https://avatars0.githubusercontent.com/u/1320910?v=4,44
chuntaojun,20,9.48,"Python, CSS, Go, HTML",https://avatars0.githubusercontent.com/u/23445172?v=4,60
stvliu,2,9.48,"Vue, C++, Python, Shell, CSS, Go, HTML, C, JavaScript",https://avatars0.githubusercontent.com/u/3401999?v=4,252
nickwongwong,8,9.48,"C++, Python, C, JavaScript",https://avatars3.githubusercontent.com/u/16626084?v=4,34
imgbot[bot],0,9.48,,https://avatars0.githubusercontent.com/in/4706?v=4,0
ZhaoxiongTan,2,9.48,,https://avatars3.githubusercontent.com/u/5960598?v=4,16
NathanSweet,30,9.48,"C++, PHP, HTML, C, TypeScript",https://avatars3.githubusercontent.com/u/434010?v=4,20
badlogic,30,9.48,"Rust, Kotlin, C++, Python, Assembly, C#, TypeScript, CSS, HTML, C, JavaScript",https://avatars1.githubusercontent.com/u/514052?v=4,132
xoppa,30,9.48,"HTML, C, C++",https://avatars3.githubusercontent.com/u/2349087?v=4,26
MobiDevelop,30,134.22,Groovy,https://avatars2.githubusercontent.com/u/1095464?v=4,22
Tom-Ski,30,43.44,"Objective-C, C++, Groovy, C#, C, CSS, Shell, JavaScript",https://avatars0.githubusercontent.com/u/4346114?v=4,60
davebaol,30,9.48,"OpenEdge ABL, C++, JavaScript, C, TypeScript",https://avatars3.githubusercontent.com/u/2366334?v=4,58
acoppes,30,13.56,"Objective-C, C#, PHP, C, JavaScript",https://avatars2.githubusercontent.com/u/591852?v=4,40
jrenner,30,9.48,"HTML, R, Kotlin, C++, Python, VimL, Shell, Ruby, Nim, C#, Scala, CSS, Go, Jupyter Notebook, C, Nimrod, JavaScript",https://avatars1.githubusercontent.com/u/1393288?v=4,126
johnnyapol,24,9.48,"C++, Python, Roff, JavaScript",https://avatars1.githubusercontent.com/u/5902494?v=4,42
nooone,12,9.48,HTML,https://avatars3.githubusercontent.com/u/5896510?v=4,12
code-disaster,30,13.56,"Rust, C++, Kotlin, Python, CMake, C",https://avatars1.githubusercontent.com/u/4644167?v=4,112
hneuer,11,9.48,TypeScript,https://avatars3.githubusercontent.com/u/1545118?v=4,6
dsaltares,30,135.46,"C++, Python, C#, GDScript, CSS, HTML, JavaScript",https://avatars2.githubusercontent.com/u/570314?v=4,58
realitix,28,9.48,"Rust, C++, Python, Haxe, Logos, PHP, Shell, CSS, C, JavaScript",https://avatars1.githubusercontent.com/u/6367936?v=4,126
semtiko,1,9.48,,https://avatars3.githubusercontent.com/u/496349?v=4,0
noblemaster,9,9.48,,https://avatars1.githubusercontent.com/u/2363626?v=4,4
cypherdare,5,9.48,"Objective-C, Kotlin, C++, HTML, C, JavaScript",https://avatars2.githubusercontent.com/u/1843131?v=4,32
manuelbua,30,9.48,"Eagle, C++, Python, ActionScript, C, Go, PHP, Shell, JavaScript",https://avatars3.githubusercontent.com/u/819314?v=4,62
intrigus,12,39.46,"Objective-C, Rust, Kotlin, CSS, PHP, JavaScript, C++, Python, TeX, Haxe, Makefile, Jasmin, HTML, Shell, C#, Perl, C, Ruby",https://avatars2.githubusercontent.com/u/10353467?v=4,244
ttencate,30,9.48,"Rust, Eiffel, Groovy, CSS, PHP, JavaScript, C++, Python, TeX, Haxe, HTML, Shell, Haskell, Io, GDScript, Go, CoffeeScript, C, Ruby, TypeScript",https://avatars0.githubusercontent.com/u/90930?v=4,184
robertmassaioli,17,17.63,"C++, VimL, Ruby, Assembly, TypeScript, PureScript, C, Scala, Go, PHP, HTML, Shell, Haskell, JavaScript",https://avatars3.githubusercontent.com/u/149178?v=4,124
stbachmann,30,9.48,"Python, Haxe, C, JavaScript",https://avatars0.githubusercontent.com/u/1745239?v=4,18
vbousquet,0,9.48,"C++, JavaScript",https://avatars1.githubusercontent.com/u/2796036?v=4,16
kotcrab,30,69.67,"Kotlin, C++, HTML, C",https://avatars1.githubusercontent.com/u/4594081?v=4,60
Darkyenus,8,9.48,"Kotlin, C++, Python, C#, Lua, Brainfuck, Scala",https://avatars0.githubusercontent.com/u/5280068?v=4,82
mgsx-dev,9,9.48,"Vue, Objective-C, GLSL, C++, Ruby, C, CSS, HTML, Shell, Pure Data, JavaScript",https://avatars3.githubusercontent.com/u/8074238?v=4,118
vmilea,13,9.48,"Objective-C, C++, C#, C",https://avatars1.githubusercontent.com/u/278476?v=4,16
anserran,8,9.48,"C++, Python, CSS, PHP, JavaScript",https://avatars1.githubusercontent.com/u/1515738?v=4,60
MrStahlfelge,20,38.69,C,https://avatars3.githubusercontent.com/u/26038055?v=4,36
moly,9,9.48,"ActionScript, CSS, Go, C",https://avatars0.githubusercontent.com/u/184491?v=4,24
shs96c,30,9.48,"Rust, C++, Python, CSS, PHP, HTML, Ruby, JavaScript",https://avatars2.githubusercontent.com/u/28229?v=4,60
barancev,30,9.48,"Vue, Python, C#, CSS, PHP, HTML, Ruby, JavaScript",https://avatars2.githubusercontent.com/u/617090?v=4,110
jimevans,30,9.48,"C++, Python, C#, CSS, HTML, Batchfile, JavaScript",https://avatars3.githubusercontent.com/u/352840?v=4,92
jleyba,28,9.48,"HTML, JavaScript",https://avatars1.githubusercontent.com/u/254985?v=4,20
jarib,30,53.64,"C++, Puppet, Python, C#, Objective-J, C, CSS, HTML, Shell, Ruby, JavaScript",https://avatars3.githubusercontent.com/u/572?v=4,228
dfabulich,30,9.48,"Objective-C, Rust, C++, Python, Perl, TypeScript, C#, CSS, PHP, HTML, Shell, Ruby, JavaScript",https://avatars1.githubusercontent.com/u/96150?v=4,192
illicitonion,30,9.48,"Rust, Objective-C, Swift, HTML, Python, CSS, Go, Perl, Shell, C, Ruby, JavaScript",https://avatars0.githubusercontent.com/u/1131704?v=4,214
AutomatedTester,30,37.35,"Rust, Puppet, Python, C#, Vim script, CSS, Go, HTML, Shell, Ruby, JavaScript",https://avatars1.githubusercontent.com/u/128518?v=4,242
lukeis,30,9.48,"Objective-C, C++, Python, JavaScript, HTML, Shell, Ruby, TypeScript",https://avatars0.githubusercontent.com/u/926454?v=4,54
eranmes,5,9.48,"C++, Python, TeX, Makefile, C",https://avatars2.githubusercontent.com/u/1072163?v=4,18
mdub,30,9.48,"Python, Haskell, Smarty, Scala, CSS, Go, HTML, Clojure, Shell, Ruby, JavaScript",https://avatars3.githubusercontent.com/u/610?v=4,184
p0deje,30,29.63,"Gherkin, Swift, Puppet, Python, VimL, CoffeeScript, Vim script, CSS, Go, PHP, HTML, Ruby, JavaScript",https://avatars3.githubusercontent.com/u/665846?v=4,198
titusfortner,30,9.48,"Python, CSS, HTML, Batchfile, Ruby, JavaScript",https://avatars3.githubusercontent.com/u/777185?v=4,122
andreastt,30,9.48,"Rust, HTML, C++, Python, Shell, CSS, Go, Groff, C, Ruby, JavaScript",https://avatars3.githubusercontent.com/u/399120?v=4,124
krosenvold,30,36.67,"Groovy, Python, CSS, C, JavaScript",https://avatars1.githubusercontent.com/u/67744?v=4,176
hugs,30,9.48,"Objective-C, Swift, C++, Python, ActionScript, C#, CoffeeScript, OpenSCAD, HTML, C, Ruby, JavaScript",https://avatars1.githubusercontent.com/u/8536?v=4,144
davehunt,30,22.91,"Rust, Swift, Kotlin, Groovy, Python, CoffeeScript, C, Nginx, CSS, Go, PHP, HTML, Shell, Ruby, JavaScript",https://avatars1.githubusercontent.com/u/122800?v=4,388
hbchai,3,9.48,"Groovy, Go",https://avatars1.githubusercontent.com/u/455056?v=4,6
lmtierney,30,9.48,"Rust, Python, VimL, Dockerfile, HTML, Ruby, JavaScript",https://avatars1.githubusercontent.com/u/4405962?v=4,36
ph7,30,9.48,"Python, C, Ruby, JavaScript",https://avatars1.githubusercontent.com/u/17625?v=4,14
freynaud,30,9.48,"Objective-C, Python, CSS, Go, Shell, Ruby, JavaScript",https://avatars1.githubusercontent.com/u/696749?v=4,66
samitbadle,26,9.48,"Perl, Shell, Scala, JavaScript",https://avatars1.githubusercontent.com/u/718010?v=4,32
nirvdrum,30,9.48,"C++, Python, C, Scala, CSS, Go, HTML, Shell, Ruby, JavaScript, PowerShell",https://avatars2.githubusercontent.com/u/12584?v=4,232
sevaseva,9,17.63,"PHP, HTML, JavaScript",https://avatars2.githubusercontent.com/u/1168195?v=4,14
gigix,30,9.48,"Puppet, Python, ActionScript, Jupyter Notebook, PLpgSQL, Perl, HTML, Clojure, Ruby, JavaScript",https://avatars3.githubusercontent.com/u/140960?v=4,96
juangj,10,9.48,"Rust, Go, HTML, Ruby",https://avatars2.githubusercontent.com/u/10137971?v=4,14
aslakhellesoy,30,9.48,"Objective-C, CSS, PHP, JavaScript, C++, Python, Makefile, HTML, Shell, Haskell, Scala, C#, Go, ActionScript, Cucumber, C, Ruby, TypeScript",https://avatars3.githubusercontent.com/u/1000?v=4,338
alex-savchuk,6,9.48,"C++, Python, Perl, C, JavaScript",https://avatars3.githubusercontent.com/u/3902563?v=4,14
andrashatvani,3,9.48,HTML,https://avatars3.githubusercontent.com/u/695746?v=4,4
ajayk,25,49.19,"Rust, Objective-C, Kotlin, Groovy, CSS, PHP, Clojure, JavaScript, PowerShell, C++, Python, HCL, Dockerfile, HTML, Shell, Scala, Lua, XSLT, Go, Perl, Processing, Jupyter Notebook, C, Ruby, TypeScript",https://avatars3.githubusercontent.com/u/1015125?v=4,410
ojw28,30,9.48,"HTML, Ruby, CSS",https://avatars1.githubusercontent.com/u/7881572?v=4,8
andrewlewis,30,9.48,Python,https://avatars3.githubusercontent.com/u/107897?v=4,2
tonihei,5,9.48,,https://avatars1.githubusercontent.com/u/26897506?v=4,0
AquilesCanta,30,9.48,"C#, TeX",https://avatars1.githubusercontent.com/u/8539544?v=4,8
erdemguven,30,9.48,Python,https://avatars1.githubusercontent.com/u/16116340?v=4,4
botaydotcom,4,9.48,"Objective-C, Go, Ruby, JavaScript",https://avatars0.githubusercontent.com/u/690139?v=4,24
marcbaechinger,29,9.48,"C++, JavaScript, CSS, PHP, TypeScript",https://avatars3.githubusercontent.com/u/584321?v=4,98
cdrolle,2,9.48,,https://avatars3.githubusercontent.com/u/990269?v=4,0
drhill,2,9.48,"Kotlin, Groovy, Dockerfile, Shell, C",https://avatars1.githubusercontent.com/u/878790?v=4,18
RikHeijdens,12,9.48,"C, Shell, JavaScript",https://avatars0.githubusercontent.com/u/7520719?v=4,8
szaboa,13,9.48,"C++, Kotlin, Python, HTML, Shell, Ruby",https://avatars0.githubusercontent.com/u/3526708?v=4,32
vigneshvg,10,9.48,"JavaScript, CSS",https://avatars0.githubusercontent.com/u/9002240?v=4,8
jcable,8,9.48,"PHP, C++, Python, Lua, CSS, Makefile, Shell, C, Ruby, JavaScript",https://avatars2.githubusercontent.com/u/152389?v=4,96
andudo,14,9.48,Python,https://avatars0.githubusercontent.com/u/8864567?v=4,2
jeoliva,16,17.63,"C++, Python, C, JavaScript",https://avatars3.githubusercontent.com/u/7904247?v=4,24
tresvecesseis,8,9.48,"C, C++",https://avatars1.githubusercontent.com/u/10452415?v=4,18
falhassen,0,9.48,,https://avatars1.githubusercontent.com/u/10853912?v=4,0
icbaker,0,9.48,"Python, C, Shell, C++",https://avatars1.githubusercontent.com/u/1279752?v=4,8
yqritc,30,9.48,,https://avatars1.githubusercontent.com/u/6405259?v=4,22
ybai001,1,9.48,,https://avatars2.githubusercontent.com/u/30304609?v=4,6
IanDBird,27,9.48,Python,https://avatars1.githubusercontent.com/u/165482?v=4,4
koral--,30,9.48,"Kotlin, Groovy, Dart, C, CSS, Go, HTML, Shell, JavaScript",https://avatars1.githubusercontent.com/u/3340954?v=4,116
talklittle,30,9.48,"Rust, Objective-C, Ren'Py, Erlang, CSS, PHP, JavaScript, Python, Elixir, Makefile, HTML, Shell, UnrealScript, C#, Lua, GDScript, Go, OCaml, C, Ruby",https://avatars1.githubusercontent.com/u/87961?v=4,302
BetweenTwoBits,7,9.48,"HTML, JavaScript, Kotlin",https://avatars0.githubusercontent.com/u/3139045?v=4,10
GiuseppePiscopo,0,9.48,"JavaScript, C#, TypeScript, C++",https://avatars2.githubusercontent.com/u/1991814?v=4,14
martinbonnin,22,9.48,"Swift, HTML, Kotlin, Dart, Python, C#, TeX, Dockerfile, Go, Groff, C, Ruby, JavaScript",https://avatars0.githubusercontent.com/u/3974977?v=4,188
nic0lette,30,9.48,"Kotlin, C++, C#, CSS, PHP, HTML, C, Pure Data, JavaScript",https://avatars2.githubusercontent.com/u/1082635?v=4,72
zsmatyas,0,9.48,,https://avatars3.githubusercontent.com/u/8737074?v=4,2
stellabei,0,9.48,Kotlin,https://avatars0.githubusercontent.com/u/7138797?v=4,6
dbrain,17,9.48,"C++, Python, Go, JavaScript",https://avatars1.githubusercontent.com/u/237995?v=4,64
kohsuke,30,9.48,"Objective-C, Puppet, C++, Groovy, Python, C#, C, Scala, HTML, Clojure, Shell, Ruby, JavaScript",https://avatars1.githubusercontent.com/u/50003?v=4,516
jglick,30,9.48,"Groovy, C#, Smarty, Dockerfile, C, CSS, Go, Makefile, HTML, Clojure, Shell, Ruby, JavaScript, PowerShell",https://avatars1.githubusercontent.com/u/154109?v=4,818
daniel-beck,30,17.63,"Objective-C, Groovy, Python, CSS, HTML, Shell, Ruby, JavaScript",https://avatars3.githubusercontent.com/u/1831569?v=4,348
oleg-nenashev,30,32.81,"Puppet, Groovy, Verilog, Python, C++, C#, Smarty, Dockerfile, C, AGS Script, CSS, Go, PHP, HTML, Shell, Ruby, JavaScript",https://avatars0.githubusercontent.com/u/3000480?v=4,536
olivergondza,18,9.48,"PHP, C++, Groovy, Python, Awk, CSS, Makefile, HTML, Shell, Ruby, JavaScript",https://avatars0.githubusercontent.com/u/206841?v=4,498
stephenc,30,58.58,"Rust, Groovy, Python, Dockerfile, Vim script, Go, HTML, Shell, Ruby, JavaScript",https://avatars2.githubusercontent.com/u/209336?v=4,384
olamy,30,9.48,"Groovy, Python, CSS, Makefile, HTML, Shell, JavaScript",https://avatars2.githubusercontent.com/u/19728?v=4,306
tfennelly,28,9.48,"Vue, Groovy, ApacheConf, Python, CSS, HTML, Shell, JavaScript",https://avatars0.githubusercontent.com/u/429311?v=4,342
kutzi,18,9.48,"Python, Go, Makefile, HTML, Shell, JavaScript",https://avatars1.githubusercontent.com/u/175061?v=4,90
ssogabe,22,9.48,,https://avatars0.githubusercontent.com/u/271370?v=4,2
batmat,30,42.84,"Groovy, Dockerfile, CSS, Go, Makefile, HTML, Shell, Ruby, JavaScript",https://avatars3.githubusercontent.com/u/223853?v=4,452
ndeloof,30,9.48,"CSS, Go, HTML, Shell, Ruby, JavaScript",https://avatars0.githubusercontent.com/u/132757?v=4,54
Wadeck,2,9.48,"Groovy, Smarty, PHP, HTML, Shell, JavaScript",https://avatars1.githubusercontent.com/u/2662497?v=4,184
jsoref,26,9.48,"Rust, Objective-C, Groovy, Dart, Apex, Erlang, CSS, PHP, JavaScript, PowerShell, HyPhy, C++, M4, Python, Cycript, HCL, Elixir, Makefile, HTML, Shell, Scala, Perl6, C#, Lua, Go, Perl, QML, Jupyter Notebook, CoffeeScript, OCaml, Lasso, DIGITAL Command Language, C, Frege, Ruby, TypeScript",https://avatars0.githubusercontent.com/u/2119212?v=4,1368
vjuranek,16,9.48,"C++, Groovy, Python, TeX, PostScript, Dockerfile, Scala, C, Go, Makefile, HTML, Clojure, Shell, Ruby, JavaScript",https://avatars3.githubusercontent.com/u/494573?v=4,206
imod,20,9.48,"Swift, Groovy, TypeScript, Go, Makefile, HTML, Shell, JavaScript",https://avatars1.githubusercontent.com/u/543297?v=4,186
Vlatombe,23,9.48,"PHP, Groovy, C#, Smarty, Dockerfile, XSLT, Go, Makefile, HTML, CSS, Shell, Ruby, JavaScript",https://avatars3.githubusercontent.com/u/171459?v=4,290
jtnord,20,9.48,"Groovy, Lua, Dockerfile, Go, Makefile, HTML, Shell, JavaScript",https://avatars1.githubusercontent.com/u/494726?v=4,164
albers,30,9.48,"Python, LiveScript, HCL, CSS, Go, Perl, HTML, Shell, Scala, JavaScript",https://avatars3.githubusercontent.com/u/2901725?v=4,66
abayer,30,9.48,"Groovy, CSS, PHP, Clojure, JavaScript, C++, R, Python, Dockerfile, Makefile, HTML, Shell, Puppet, Emacs Lisp, Go, Smarty, Mathematica, Ruby",https://avatars2.githubusercontent.com/u/120218?v=4,618
kzantow,27,9.48,"PHP, HTML, C++, Groovy, Python, Shell, TypeScript, CSS, Go, Makefile, Jupyter Notebook, C, JavaScript",https://avatars2.githubusercontent.com/u/3009477?v=4,302
jvz,30,17.63,"Kotlin, Groovy, Python, Ruby, Elm, Erlang, Smarty, TeX, Assembly, Vim script, Go, Makefile, HTML, Shell, Scala, JavaScript",https://avatars2.githubusercontent.com/u/791275?v=4,244
christ66,30,17.63,"Groovy, Python, Scala, C, Go, HTML, Shell, Haskell, JavaScript",https://avatars1.githubusercontent.com/u/1302212?v=4,416
LinuxSuRen,30,9.48,"Kotlin, Groovy, CSS, PHP, JavaScript, Python, Dockerfile, Makefile, HTML, Shell, Scala, Lua, Go, Smarty, Vim script, C, Ruby, TypeScript",https://avatars1.githubusercontent.com/u/1450685?v=4,916
recena,12,9.48,"Groovy, Dockerfile, CSS, HTML, Shell, Ruby, JavaScript",https://avatars3.githubusercontent.com/u/1021745?v=4,270
KostyaSha,30,37.71,"Eagle, HTML, C++, Groovy, Puppet, Python, Kotlin, TeX, Scala, CSS, Go, Perl, Shell, C, Ruby, JavaScript",https://avatars2.githubusercontent.com/u/231611?v=4,344
ohtake,17,9.48,"Python, C#, CoffeeScript, Go, Shell, Ruby, JavaScript, PowerShell",https://avatars2.githubusercontent.com/u/1013655?v=4,104
varmenise,3,9.48,"Objective-C, C++, Groovy, Puppet, Python, PHP, Shell, Ruby",https://avatars3.githubusercontent.com/u/5398781?v=4,124
jeffret-b,4,9.48,"Shell, HTML, Groovy",https://avatars0.githubusercontent.com/u/37345299?v=4,120
pjanouse,0,9.48,"Perl, Ruby, Groovy",https://avatars1.githubusercontent.com/u/1011760?v=4,58
android10,30,9.48,"Kotlin, VimL, Dockerfile, Scala, HTML, Shell, Ruby",https://avatars0.githubusercontent.com/u/1360604?v=4,90
lalongooo,30,9.48,"Swift, Kotlin, Python, CSS, HTML, C, JavaScript",https://avatars3.githubusercontent.com/u/1671260?v=4,144
rynkowsg,7,9.48,"Kotlin, C++, R, Python, JavaScript, C, Vim script, CMake, Go, CSS, HTML, Clojure, Shell, Ruby, TypeScript",https://avatars1.githubusercontent.com/u/5878299?v=4,130
DmitriyZaitsev,29,9.48,"Kotlin, Dart, C, Scala, JavaScript",https://avatars3.githubusercontent.com/u/2178331?v=4,74
elevenfive,30,9.48,"HTML, C++, Lua, Go, Perl, Shell, C, JavaScript",https://avatars0.githubusercontent.com/u/1291596?v=4,94
rashiq,30,9.48,"Python, JavaScript, C, HTML, Shell, TypeScript",https://avatars0.githubusercontent.com/u/1624385?v=4,62
YukiMatsumura,30,9.48,"Shell, JavaScript, Go",https://avatars0.githubusercontent.com/u/1576836?v=4,36
sebastienrouif,5,9.48,"Kotlin, JavaScript",https://avatars2.githubusercontent.com/u/2768618?v=4,34
vtuan10,0,9.48,C,https://avatars3.githubusercontent.com/u/16415673?v=4,10
88250,30,39.05,,https://avatars3.githubusercontent.com/u/873584?v=4,4
Vanessa219,30,49.44,"HTML, JavaScript",https://avatars1.githubusercontent.com/u/970828?v=4,12
ZephyrJung,28,12.2,"Processing, Swift, Kotlin, AppleScript, Python, TypeScript, Lua, GDScript, CSS, Go, HTML, JavaScript",https://avatars1.githubusercontent.com/u/2569600?v=4,150
dongxuwang,8,9.48,"Kotlin, Emacs Lisp, HTML, Clojure, Scala, JavaScript",https://avatars1.githubusercontent.com/u/4261431?v=4,32
billho,8,9.48,"Objective-C, Groovy, CSS, PHP, Clojure, JavaScript, C++, Python, TeX, FORTRAN, HTML, Batchfile, Shell, Scala, C#, Go, Vue, CoffeeScript, Jupyter Notebook, C, Ruby",https://avatars2.githubusercontent.com/u/7029336?v=4,590
wangdx,30,9.48,"Objective-C, HTML, Groovy, Python, TeX, CSS, Go, PHP, Shell, C, Scala, JavaScript",https://avatars3.githubusercontent.com/u/567127?v=4,42
mainlove,18,34.86,JavaScript,https://avatars1.githubusercontent.com/u/1627668?v=4,24
VirtualPier,2,9.48,"Python, JavaScript",https://avatars0.githubusercontent.com/u/14327199?v=4,16
snowflake3721,0,9.48,"Vue, Kotlin, C#, CSS, Go, PHP, HTML, C, JavaScript",https://avatars3.githubusercontent.com/u/26294597?v=4,104
dependabot[bot],0,9.48,,https://avatars0.githubusercontent.com/in/29110?v=4,0
uliian,30,9.48,"C#, HTML, Kotlin",https://avatars3.githubusercontent.com/u/3947701?v=4,32
zhoufengjob,4,9.48,"Objective-C, Vue, C++, Python, Shell, CSS, PHP, HTML, C, JavaScript",https://avatars0.githubusercontent.com/u/2774857?v=4,370
cbamls,21,9.48,"C++, Python, TypeScript, CSS, HTML, Scala, JavaScript",https://avatars1.githubusercontent.com/u/12781382?v=4,108
huzekang,3,9.48,"Dart, Python, Jupyter Notebook, Dockerfile, Vim script, CSS, HTML, Scala, JavaScript",https://avatars0.githubusercontent.com/u/18548053?v=4,90
meikaiyipian,5,9.48,JavaScript,https://avatars1.githubusercontent.com/u/10267454?v=4,10
qiankunpingtai,2,9.48,"Rust, Vue, C++, Kotlin, Python, Jupyter Notebook, TypeScript, Go, HTML, Shell, JavaScript",https://avatars2.githubusercontent.com/u/46507972?v=4,144
wuxiaochun1981,3,9.48,"FreeMarker, C++, Python, JavaScript",https://avatars2.githubusercontent.com/u/3351810?v=4,36
zh-h,30,9.48,"Vue, HTML, Python, TypeScript, C#, CSS, Go, PHP, Shell, C, Ruby, JavaScript",https://avatars2.githubusercontent.com/u/13273151?v=4,204
shminer,30,9.48,"C++, Python, Jupyter Notebook, TeX, Lua, Go, Makefile, Shell, C, Scala, JavaScript",https://avatars3.githubusercontent.com/u/5599964?v=4,118
Iboome,0,9.48,"HTML, CSS",https://avatars1.githubusercontent.com/u/23609667?v=4,8
SharksevenRo,30,9.48,"Rust, PHP, Vue, Swift, C++, Python, VimL, Groff, CoffeeScript, CSS, Go, Rascal, HTML, Shell, JavaScript",https://avatars3.githubusercontent.com/u/8946077?v=4,390
jy1989,10,9.48,"Vue, Makefile, HTML, Swift, C++, Python, Lua, CSS, Go, PHP, Jupyter Notebook, Shell, JavaScript, F#",https://avatars2.githubusercontent.com/u/1291756?v=4,166
fuwei123456,0,9.48,"C++, JavaScript",https://avatars1.githubusercontent.com/u/2115146?v=4,42
panjinghong,0,9.48,,https://avatars1.githubusercontent.com/u/27333379?v=4,4
trydofor,30,9.48,"Kotlin, TSQL, CSS, Go, HTML, Shell, Scala, JavaScript",https://avatars1.githubusercontent.com/u/189996?v=4,74
westinyang,6,9.48,"HTML, CSS, JavaScript",https://avatars1.githubusercontent.com/u/4905028?v=4,24
zhengbao,25,9.48,"Objective-C, CSS, HTML, JavaScript",https://avatars1.githubusercontent.com/u/1736166?v=4,56
winterbe,30,9.48,"Swift, Kotlin, C++, JavaScript, CoffeeScript, CSS, Shell, TypeScript",https://avatars3.githubusercontent.com/u/485033?v=4,88
ascandella,30,9.48,"Objective-C, Rust, Groovy, Erlang, JavaScript, C++, Python, Makefile, HTML, Shell, Scala, C#, Emacs Lisp, Go, QML, CoffeeScript, Vim script, C, Ruby, TypeScript",https://avatars1.githubusercontent.com/u/97087?v=4,166
chase-benson,1,9.48,Ruby,https://avatars1.githubusercontent.com/u/14151506?v=4,4
eranation,30,9.48,"Objective-C, Python, JavaScript, Shell, Nimrod, C#, CoffeeScript, CSS, Go, PHP, HTML, Scala, Ruby, TypeScript",https://avatars1.githubusercontent.com/u/775349?v=4,226
rmtheis,30,9.48,"Swift, C++, Python, Perl, C",https://avatars0.githubusercontent.com/u/943135?v=4,32
fishercoder1534,30,9.48,"C++, Python, Scala, HTML, Shell, Ruby",https://avatars2.githubusercontent.com/u/20746576?v=4,38
sboekhoff,6,9.48,"C++, TeX, CoffeeScript, CSS, XSLT, HTML, Shell, Ruby, JavaScript",https://avatars1.githubusercontent.com/u/10683690?v=4,62
aidendeom,7,9.48,"C++, C#, HTML, C",https://avatars0.githubusercontent.com/u/3867547?v=4,30
grijeshsaini,10,9.48,"Python, Perl, Scala, JavaScript",https://avatars3.githubusercontent.com/u/9973395?v=4,40
shubhamyeole,0,9.48,,https://avatars3.githubusercontent.com/u/15117339?v=4,4
thefourtheye,30,9.48,"C++, Python, LiveScript, C, CSS, HTML, Shell, Scala, JavaScript",https://avatars3.githubusercontent.com/u/696611?v=4,184
emacarron,30,13.56,"PHP, Python, C#, Makefile, HTML, Shell, PowerShell",https://avatars2.githubusercontent.com/u/1587939?v=4,76
harawata,30,9.48,"Swift, C++, Python, PLpgSQL, CoffeeScript, CSS, HTML, Shell, JavaScript",https://avatars3.githubusercontent.com/u/149268?v=4,120
hazendaz,30,47.55,"XSLT, HTML, Shell, Scala, JavaScript",https://avatars0.githubusercontent.com/u/975267?v=4,238
simonetripodi,30,9.48,JavaScript,https://avatars3.githubusercontent.com/u/463156?v=4,80
jeffgbutler,30,9.48,"Kotlin, C#, TypeScript, Shell, JavaScript",https://avatars1.githubusercontent.com/u/3521127?v=4,44
nmaves,26,9.48,"CoffeeScript, CSS, JavaScript",https://avatars2.githubusercontent.com/u/367750?v=4,40
cbegin,30,9.48,"C, JavaScript, Go",https://avatars3.githubusercontent.com/u/275089?v=4,14
CodeingBoy,8,9.48,"C++, Python, TSQL, Go, PHP, HTML, C, Frege, JavaScript",https://avatars3.githubusercontent.com/u/5211253?v=4,126
christianpoitras,30,9.48,Shell,https://avatars1.githubusercontent.com/u/3532708?v=4,6
mnesarco,30,37.46,"Python, Scala",https://avatars2.githubusercontent.com/u/1087317?v=4,18
kezhenxu94,30,9.48,"Vue, Kotlin, Python, Vim script, HTML, Shell, JavaScript",https://avatars3.githubusercontent.com/u/15965696?v=4,42
kmoco2am,3,9.48,"Groovy, Ruby, JavaScript",https://avatars2.githubusercontent.com/u/7467713?v=4,20
h3adache,30,9.48,"Objective-C, Groovy, Python, Haskell, CoffeeScript, Scala, CSS, Shell, Ruby, JavaScript",https://avatars2.githubusercontent.com/u/320283?v=4,72
peterchenhdu,30,9.48,"HTML, JavaScript",https://avatars1.githubusercontent.com/u/12928352?v=4,66
jasonleaster,30,9.48,"C++, Python, Lua, C, Matlab, HTML, Shell, JavaScript",https://avatars0.githubusercontent.com/u/6868785?v=4,100
AnatoliiStepaniuk,9,9.48,"R, Scala, CSS, Go, Shell, Batchfile",https://avatars2.githubusercontent.com/u/11556624?v=4,38
paopaofish,0,9.48,"HTML, Kotlin, Python, CSS, PHP, Jupyter Notebook, Shell, Scala, JavaScript",https://avatars0.githubusercontent.com/u/16202266?v=4,64
abel533,30,21.14,"C++, Python, Perl, Pascal, Smali, CoffeeScript, CSS, PHP, HTML, JavaScript",https://avatars0.githubusercontent.com/u/1787798?v=4,158
rikiel,1,9.48,"PostScript, C",https://avatars1.githubusercontent.com/u/13640104?v=4,6
berniegp,1,9.48,"PHP, C#, JavaScript",https://avatars0.githubusercontent.com/u/881558?v=4,36
dirk-olmes,15,9.48,"Groovy, Python, JavaScript, XSLT, Shell, TypeScript",https://avatars2.githubusercontent.com/u/429878?v=4,48
FrantaM,0,9.48,"API Blueprint, Groovy, C#, Dockerfile, HTML, Ruby, JavaScript",https://avatars1.githubusercontent.com/u/1615810?v=4,92
gdarmont,11,9.48,"HCL, Go, Shell, Scala",https://avatars1.githubusercontent.com/u/327464?v=4,42
jcsantosbr,3,9.48,"Kotlin, Python, Elm, HTML, Shell, Scala, JavaScript",https://avatars1.githubusercontent.com/u/3025846?v=4,40
yangfancoming,0,9.48,"Vue, FreeMarker, Python, C#, CSS, HTML, Shell, JavaScript",https://avatars1.githubusercontent.com/u/34465021?v=4,146
iaiti,14,9.48,"C++, Python, TeX, Scilab, CSS, Perl, HTML, C, JavaScript",https://avatars2.githubusercontent.com/u/5880778?v=4,78
slievrly,30,9.48,"Objective-C, C++, Kotlin, Python, Jupyter Notebook, C#, Lua, Dockerfile, Vim script, Go, HTML, Shell, JavaScript",https://avatars1.githubusercontent.com/u/8758457?v=4,192
orhanobut,30,68.0,"Python, CSS",https://avatars3.githubusercontent.com/u/1089616?v=4,38
svenjacobs,30,9.48,JavaScript,https://avatars1.githubusercontent.com/u/255313?v=4,8
hrskrs,30,9.48,"Kotlin, Groovy, C++, Python, IDL, HTML",https://avatars0.githubusercontent.com/u/6645025?v=4,132
ccunniff,7,9.48,"HTML, Shell, Ruby, JavaScript",https://avatars0.githubusercontent.com/u/1513329?v=4,26
yekmer,30,68.0,Kotlin,https://avatars0.githubusercontent.com/u/323078?v=4,10
shiehnpin,2,9.48,"API Blueprint, Kotlin, Python, Go, HTML, C, JavaScript",https://avatars3.githubusercontent.com/u/6296986?v=4,74
joezorry,4,9.48,"HTML, JavaScript",https://avatars1.githubusercontent.com/u/315692?v=4,18
Liryna,30,9.48,"C++, Python, C#, CMake, HTML, C, JavaScript, PowerShell",https://avatars0.githubusercontent.com/u/4311419?v=4,42
ljubisa987,5,9.48,"Objective-C, Shell",https://avatars1.githubusercontent.com/u/2351269?v=4,16
budius,8,9.48,"Kotlin, Ruby",https://avatars1.githubusercontent.com/u/2651842?v=4,28
